trp_unarmed_troop|Truppa Disarmata
trp_unarmed_troop_pl|Truppe Disarmate
trp_tutorial_maceman|Mazziere
trp_tutorial_maceman_pl|Mazzieri
trp_tutorial_archer|Arciere
trp_tutorial_archer_pl|Arcieri
trp_tutorial_swordsman|Spadaccino
trp_tutorial_swordsman_pl|Spadaccini
trp_novice_fighter|Combattente Novizio
trp_novice_fighter_pl|Combattenti Novizi
trp_regular_fighter|Combattente Regolare
trp_regular_fighter_pl|Combattenti Regolari
trp_veteran_fighter|Combattente Veterano
trp_veteran_fighter_pl|Combattenti Veterani
trp_champion_fighter|Campione Combattente
trp_champion_fighter_pl|Campioni Combattenti
trp_arena_training_fighter_1|Combattente Novizio
trp_arena_training_fighter_1_pl|Combattenti Novizi
trp_arena_training_fighter_2|Combattente Novizio
trp_arena_training_fighter_2_pl|Combattenti Novizi
trp_arena_training_fighter_3|Combattente Regolare
trp_arena_training_fighter_3_pl|Combattenti Regolari
trp_arena_training_fighter_4|Combattente Regolare
trp_arena_training_fighter_4_pl|Combattenti Regolari
trp_arena_training_fighter_5|Combattente Regolare
trp_arena_training_fighter_5_pl|Combattenti Regolari
trp_arena_training_fighter_6|Combattente Veterano
trp_arena_training_fighter_6_pl|Combattenti Veterani
trp_arena_training_fighter_7|Combattente Veterano
trp_arena_training_fighter_7_pl|Combattenti Veterani
trp_arena_training_fighter_8|Combattente Veterano
trp_arena_training_fighter_8_pl|Combattenti Veterani
trp_arena_training_fighter_9|Campione Combattente
trp_arena_training_fighter_9_pl|Campioni Combattenti
trp_arena_training_fighter_10|Campione Combattente
trp_arena_training_fighter_10_pl|Campioni Combattenti
trp_cattle|Bestiame
trp_cattle_pl|Bestiame
trp_farmer|Contadino
trp_farmer_pl|Contadini
trp_townsman|Cittadino
trp_townsman_pl|Cittadini
trp_watchman|Sentinella
trp_watchman_pl|Sentinelle
trp_woodmen_youth|Uomo dei Boschi
trp_woodmen_youth_pl|Uomini dei Boschi
trp_woodmen_forester|Guardiano dei Boschi
trp_woodmen_forester_pl|Guardiani dei Boschi
trp_woodmen_skilled_forester|Guardiano dei Boschi Esperto
trp_woodmen_skilled_forester_pl|Guardiani dei Boschi Esperti
trp_woodmen_axemen|Taglialegna dei Boschi
trp_woodmen_axemen_pl|Taglialegna dei Boschi
trp_woodmen_master_axemen|Mastro Taglialegna dei Boschi
trp_woodmen_master_axemen_pl|Mastri Taglialegna dei Boschi
trp_woodmen_tracker|Inseguitore dei Boschi
trp_woodmen_tracker_pl|Inseguitori dei Boschi
trp_woodmen_scout|Esploratore dei Boschi
trp_woodmen_scout_pl|Esploratori dei Boschi
trp_woodmen_archer|Arciere dei Boschi
trp_woodmen_archer_pl|Arcieri dei Boschi
trp_fell_huntsmen_of_mirkwood|Cacciatore Esperto di Bosco Atro
trp_fell_huntsmen_of_mirkwood_pl|Cacciatori Esperti di Bosco Atro
trp_beorning_vale_man|di Beorn
trp_beorning_vale_man_pl|di Beorn
trp_beorning_warrior|Guerriero di Beorn
trp_beorning_warrior_pl|Guerrieri di Beorn
trp_beorning_tolltacker|Gabelliere di Beorn
trp_beorning_tolltacker_pl|Gabellieri di Beorn
trp_beorning_sentinel|Sentinella di Beorn
trp_beorning_sentinel_pl|Sentinelle di Beorn
trp_beorning_warden_of_the_ford|Guardiani del Guado di Beorn
trp_beorning_warden_of_the_ford_pl|Guardiani del Guado di Beorn
trp_beorning_carrock_lookout|Vedetta della Carroccia di Beorn
trp_beorning_carrock_lookout_pl|Vedette della Carroccia di Beorn
trp_beorning_carrock_fighter|Combattente della Carroccia di Beorn
trp_beorning_carrock_fighter_pl|Combattenti della Carroccia di Beorn
trp_beorning_carrock_berserker|Berserker della Carroccia di Beorn
trp_beorning_carrock_berserker_pl|Berserker della Carroccia di Beorn
trp_dale_militia|Miliziano di Dale
trp_dale_militia_pl|Miliziani di Dale
trp_dale_man_at_arms|Armigero di Dale
trp_dale_man_at_arms_pl|Armigeri di Dale
trp_laketown_scout|Esploratore di Pontelagolungo
trp_laketown_scout_pl|Esploratori di Pontelagolungo
trp_laketown_bowmen|Arciere novizio di Pontelagolungo
trp_laketown_bowmen_pl|Arcieri novizi di Pontelagolungo
trp_laketown_archer|Arciere di Pontelagolungo
trp_laketown_archer_pl|Arcieri di Pontelagolungo
trp_barding_bowmen_of_esgaroth|Arciere Bardato di Pontelagolungo
trp_barding_bowmen_of_esgaroth_pl|Arcieri Bardati di Pontelagolungo
trp_dale_warrior|Guerriero di Dale
trp_dale_warrior_pl|Guerrieri di Dale
trp_dale_veteran_warrior|Guerriero Veterano di Dale
trp_dale_veteran_warrior_pl|Guerrieri Veterani di Dale
trp_dale_marchwarden|Guardiano del Confine di Dale
trp_dale_marchwarden_pl|Guardiani del Confine di Dale
trp_dale_pikeman|Lanciere di Dale
trp_dale_pikeman_pl|Lancieri di Dale
trp_dale_billman|Alabardiere di Dale
trp_dale_billman_pl|Alabardieri di Dale
trp_dale_bill_master|Mastro Alabardiere di Dale
trp_dale_bill_master_pl|Mastri Alabardieri di Dale
trp_merchant_squire_or_dale|Scudiero Mercante di Dale
trp_merchant_squire_or_dale_pl|Scudieri Mercanti di Dale
trp_merchant_guard_of_dale|Guardia Mercante di Dale
trp_merchant_guard_of_dale_pl|Guardie Mercanti di Dale
trp_merchant_protector_of_dale|Protettore Mercante di Dale
trp_merchant_protector_of_dale_pl|Protettori Mercanti di Dale
trp_girions_guard_of_dale|Guardia di Girion di Dale
trp_girions_guard_of_dale_pl|Guardie di Girion di Dale
trp_rhun_tribesman|Uomo Tribale del Rhûn
trp_rhun_tribesman_pl|Uomini Tribali del Rhûn
trp_rhun_horse_scout|Esploratore a Cavallo del Rhûn
trp_rhun_horse_scout_pl|Esploratori a Cavallo del Rhûn
trp_rhun_horse_archer|Arciere a Cavallo del Rhûn
trp_rhun_horse_archer_pl|Arcieri a Cavallo del Rhûn
trp_rhun_veteran_horse_archer|Arciere Veterano a Cavallo del Rhûn
trp_rhun_veteran_horse_archer_pl|Arcieri Veterani a Cavallo c
trp_fell_balchoth_horse_archer|Arciere a Cavallo Balchoth
trp_fell_balchoth_horse_archer_pl|Arcieri a Cavallo Balchoth
trp_rhun_swift_horseman|Cavaliere Rapido del Rhûn
trp_rhun_swift_horseman_pl|Cavalieri Rapidi del Rhûn
trp_rhun_veteran_swift_horseman|Cavaliere Veterano Rapido del Rhûn 
trp_rhun_veteran_swift_horseman_pl|Cavaliere Veterano Rapido del Rhûn
trp_falcon_horseman|Cavaliere Falco
trp_falcon_horseman_pl|Cavalieri Falco
trp_rhun_tribal_warrior|Guerriero Tribale del Rhûn 
trp_rhun_tribal_warrior_pl|Guerrieri Tribali del Rhûn 
trp_rhun_tribal_infantry|Fante Tribale del Rhûn 
trp_rhun_tribal_infantry_pl|Fanteria Tribale del Rhûn 
trp_rhun_vet_infantry|Fante Veterano del Rhûn 
trp_rhun_vet_infantry_pl|Fanteria Veterana del Rhûn 
trp_infantry_of_the_ox|Fante del Bue
trp_infantry_of_the_ox_pl|Fanteria del Bue
trp_rhun_light_horseman|Cavalleggero del Rhûn 
trp_rhun_light_horseman_pl|Cavalleggeri del Rhûn 
trp_rhun_light_cavalry|Cavaliere Leggero del Rhûn 
trp_rhun_light_cavalry_pl|Cavalleria Leggera del Rhûn 
trp_rhun_noble_cavalry|Cavaliere Nobile del Rhûn 
trp_rhun_noble_cavalry_pl|Cavalleria Nobile del Rhûn 
trp_rhun_heavy_noble_cavalry|Cavaliere Nobile Pesante del Rhûn 
trp_rhun_heavy_noble_cavalry_pl|Cavalleria Nobile Pesante del Rhûn 
trp_dorwinion_noble_of_rhun|Nobile Dorwinion del Rhûn 
trp_dorwinion_noble_of_rhun_pl|Nobili Dowinion del Rhûn 
trp_dwarven_apprentice|Nano Apprendista
trp_dwarven_apprentice_pl|Nani Apprendisti
trp_dwarven_warrior|Guerriero Nano
trp_dwarven_warrior_pl|Guerrieri Nani
trp_dwarven_hardened_warrior|Guerriero Nano Temprato
trp_dwarven_hardened_warrior_pl|Guerrieri Nani Temprati
trp_dwarven_spearman|Nano Lanciere
trp_dwarven_spearman_pl|Nani Lancieri
trp_dwarven_pikeman|Picchiere Nano
trp_dwarven_pikeman_pl|Picchieri Nani
trp_dwarven_halberdier|Alabardiere Nano
trp_dwarven_halberdier_pl|Alabardieri Nani
trp_dwarven_axeman|Nano con Ascia
trp_dwarven_axeman_pl|Nani con Ascia
trp_dwarven_expert_axeman|Nano Esperto con Ascia
trp_dwarven_expert_axeman_pl|Nani Esperti con Ascia
trp_longbeard_axeman|Nano Barbuto con Ascia 
trp_longbeard_axeman_pl|Nani Barbuti con Ascia
trp_dwarven_lookout|Osservatore Nano
trp_dwarven_lookout_pl|Vedette dei Nani
trp_dwarven_scout|Esploratore Nano
trp_dwarven_scout_pl|Esploratori Nani
trp_dwarven_bowman|Arciere Novizio Nano
trp_dwarven_bowman_pl|Arcieri Novizi Nani
trp_dwarven_archer|Arciere Nano
trp_dwarven_archer_pl|Arcieri Nani
trp_marksman_of_ravenhill|Tiratore Nano di Collecorvo
trp_marksman_of_ravenhill_pl|Tiratori Nani di Collecorvo
trp_iron_hills_miner|Minatore dei Colli Ferrosi
trp_iron_hills_miner_pl|Minatori dei Colli Ferrosi
trp_iron_hills_infantry|Fante dei Colli Ferrosi
trp_iron_hills_infantry_pl|Fanteria dei Colli Ferrosi
trp_iron_hills_battle_infantry|Nano da Battaglia dei Colli Ferrosi
trp_iron_hills_battle_infantry_pl|Nani da Battaglia dei Colli Ferrosi
trp_grors_guard|Guardia di Grór
trp_grors_guard_pl|Guardie di Grór
trp_gondor_commoner|Recluta di Gondor
trp_gondor_commoner_pl|Reclute di Gondor
trp_gondor_militiamen|Sentinella di Gondor
trp_gondor_militiamen_pl|Sentinelle di Gondor
trp_footmen_of_gondor|Fante di Gondor
trp_footmen_of_gondor_pl|Fanteria Appiedata di Gondor
trp_gondor_spearmen|Lanciere di Gondor
trp_gondor_spearmen_pl|Lancieri di Gondor
trp_gondor_veteran_spearmen|Lanciere Veterano di Gondor
trp_gondor_veteran_spearmen_pl|Lancieri Veterani di Gondor
trp_guard_of_the_fountain_court|Guardia di corte
trp_guard_of_the_fountain_court_pl|Guardie di corte
trp_gondor_swordsmen|Spadaccino di Gondor
trp_gondor_swordsmen_pl|Spadaccini di Gondor
trp_gondor_veteran_swordsmen|Spadaccino Veterano di Gondor
trp_gondor_veteran_swordsmen_pl|Spadaccini Veterani di Gondor
trp_swordsmen_of_the_tower_guard|Spadaccino della torre di Guardia
trp_swordsmen_of_the_tower_guard_pl|Spadaccini della torre di Guardia
trp_gondor_noblemen|Nobile di Gondor
trp_gondor_noblemen_pl|Nobili di Gondor
trp_squire_of_gondor|Scudiero di Gondor
trp_squire_of_gondor_pl|Scudieri di Gondor
trp_veteran_squire_of_gondor|Scudiero Veterano di Gondor
trp_veteran_squire_of_gondor_pl|Scudieri Veterani di Gondor
trp_knight_of_gondor|Cavaliere di Gondor
trp_knight_of_gondor_pl|Cavalieri di Gondor
trp_veteran_knight_of_gondor|Cavaliere Veterano di Gondor
trp_veteran_knight_of_gondor_pl|Cavalieri Veterani di Gondor
trp_knight_of_the_citadel|Cavaliere della Cittadella
trp_knight_of_the_citadel_pl|Cavalieri della Cittadella
trp_bowmen_of_gondor|Arciere Novizio di Gondor
trp_bowmen_of_gondor_pl|Arcieri Novizi di Gondor
trp_archer_of_gondor|Arciere di Gondor
trp_archer_of_gondor_pl|Arcieri di Gondor
trp_veteran_archer_of_gondor|Arciere Veterano di Gondor
trp_veteran_archer_of_gondor_pl|Arcieri Veterani di Gondor
trp_archer_of_the_tower_guard|Arciere della torre di Guardia
trp_archer_of_the_tower_guard_pl|Arcieri della torre di Guardia
trp_steward_guard|Guardia del Sovrintendente
trp_steward_guard_pl|Guardie del Sovrintendente
trp_ranger_of_ithilien|Ramingo dell'Ithilien
trp_ranger_of_ithilien_pl|Raminghi dell'Ithilien
trp_veteran_ranger_of_ithilien|Ramingo veterano dell'Ithilien
trp_veteran_ranger_of_ithilien_pl|Raminghi veterani dell'Ithilien
trp_master_ranger_of_ithilien|Mastro Ramingo dell'Ithilien
trp_master_ranger_of_ithilien_pl|Mastri Raminghi dell'Ithilien
trp_ithilien_leader|Capitano dei Raminghi dell'Ithilien
trp_ithilien_leader_pl|Capitani dei Raminghi dell'Ithilien
trp_woodsman_of_lossarnach|Uomo dei boschi di Lossarnach 
trp_woodsman_of_lossarnach_pl|Uomini dei boschi di Lossarnach
trp_axeman_of_lossarnach|Uomo con ascia di Lossarnach
trp_axeman_of_lossarnach_pl|Uomini con ascia di Lossarnach
trp_vet_axeman_of_lossarnach|Uomo veterano con ascia di Lossarnach
trp_vet_axeman_of_lossarnach_pl|Uomini veterani con ascia di Lossarnach
trp_heavy_lossarnach_axeman|Uomo con ascia pesante di Lossarnach
trp_heavy_lossarnach_axeman_pl|Uomini con ascia pesante di Lossarnach
trp_axemaster_of_lossarnach|Mastro d'ascia di Lossarnach
trp_axemaster_of_lossarnach_pl|Mastri d'ascia di Lossarnach
trp_lossarnach_leader|Capitano di Lossanarch
trp_lossarnach_leader_pl|Capitani di Lossarnach
trp_pelargir_watchman|Osservatore di Pelargir
trp_pelargir_watchman_pl|Vedette di Pelargir
trp_pelargir_marine|Fante di Marina di Pelargir
trp_pelargir_marine_pl|Fanti di Marina di Pelargir
trp_pelargir_vet_marine|Fante di Marina veterano di Pelargir
trp_pelargir_vet_marine_pl|Fanti di Marina veterani di Pelargir
trp_pelargir_infantry|Fante di Pelargir
trp_pelargir_infantry_pl|Fanti di Pelargir
trp_pelargir_vet_infantry|Fante veterano di Pelargir
trp_pelargir_vet_infantry_pl|Fanti veterani di Pelargir
trp_pelargir_leader|Capitano di Pelargir
trp_pelargir_leader_pl|Capitani di Pelargir
trp_pelargir_marine_leader|Capitano della marina di Pelargir
trp_pelargir_marine_leader_pl|Capitani della marina di Pelargir
trp_clansman_of_lamedon|Uomo dei clan di Lamedon
trp_clansman_of_lamedon_pl|Uomini dei clan di Lamedon 
trp_footman_of_lamedon|Fante di Lamedon
trp_footman_of_lamedon_pl|Appiedati di Lamedon
trp_veteran_of_lamedon|Veterano di Lamedon
trp_veteran_of_lamedon_pl|Veterani di Lamedon
trp_warrior_of_lamedon|Guerriero di Lamedon
trp_warrior_of_lamedon_pl|Guerrieri di Lamedon
trp_champion_of_lamedon|Campione di Lamedon
trp_champion_of_lamedon_pl|Campioni di Lamedon
trp_knight_of_lamedon|Cavaliere di Lamedon
trp_knight_of_lamedon_pl|Cavalieri di Lamedon
trp_lamedon_leader|Capitano di Lamedon
trp_lamedon_leader_pl|Capitani di Lamedon
trp_pinnath_gelin_plainsman|Uomo delle pianure delle Pinnath Gelin
trp_pinnath_gelin_plainsman_pl|Uomini delle pianure delle Pinnath Gelin
trp_pinnath_gelin_spearman|Lanciere delle Pinnath Gelin
trp_pinnath_gelin_spearman_pl|Lancieri delle Pinnath Gelin
trp_warrior_of_pinnath_gelin|Guerriero delle Pinnath Gelin
trp_warrior_of_pinnath_gelin_pl|Guerrieri delle Pinnath Gelin
trp_pinnath_gelin_bowman|Arciere novizio delle Pinnath Gelin
trp_pinnath_gelin_bowman_pl|Arcieri novizi delle Pinnath Gelin
trp_pinnath_gelin_archer|Arciere delle Pinnath Gelin
trp_pinnath_gelin_archer_pl|Arcieri delle Pinnath Gelin
trp_pinnath_leader|Capitano delle Pinnath Gelin
trp_pinnath_leader_pl|Capitani delle Pinnath Gelin
trp_blackroot_vale_archer|Cacciatore di Valle Cepponero
trp_blackroot_vale_archer_pl|Cacciatore di Valle Cepponero
trp_veteran_blackroot_vale_archer|Arco lungo della Valle Cepponero
trp_veteran_blackroot_vale_archer_pl|Archi lunghi di Valle Cepponero
trp_master_blackroot_vale_archer|Arciere di Valle Cepponero
trp_master_blackroot_vale_archer_pl|Arcieri di Valle Cepponero
trp_footman_of_blackroot_vale|Fante di Valle Cepponero
trp_footman_of_blackroot_vale_pl|Fanti di Valle Cepponero
trp_spearman_of_blackroot_vale|Picchiere di Valle Cepponero
trp_spearman_of_blackroot_vale_pl|Picchieri di Valle Cepponero
trp_blackroot_leader|Capitano di Valle Cepponero
trp_blackroot_leader_pl|Capitani di Valle Cepponero
trp_dol_amroth_youth|Recluta di Dol Amroth
trp_dol_amroth_youth_pl|Reclute di Dol Amroth
trp_squire_of_dol_amroth|Nobile di Dol Amroth
trp_squire_of_dol_amroth_pl|Nobili di Dol Amroth
trp_veteran_squire_of_dol_amroth|Nobile veterano di Dol Amroth
trp_veteran_squire_of_dol_amroth_pl|Nobili veterani di Dol Amroth
trp_knight_of_dol_amroth|Cavaliere di Dol Amroth
trp_knight_of_dol_amroth_pl|Cavalieri di Dol Amroth
trp_veteran_knight_of_dol_amroth|Cavaliere veterano di Dol Amroth
trp_veteran_knight_of_dol_amroth_pl|Cavalieri veterani di Dol Amroth
trp_swan_knight_of_dol_amroth|Cavaliere dell'Ordine del Cigno di Dol Amroth
trp_swan_knight_of_dol_amroth_pl|Cavalieri dell'Ordine del Cigno di Dol Amroth
trp_dol_amroth_leader|Capitano di Dol Amroth
trp_dol_amroth_leader_pl|Capitani di Dol Amroth
trp_lothlorien_scout|Esploratore di Lothlorien
trp_lothlorien_scout_pl|Esploratori di Lothlorien
trp_lothlorien_veteran_scout|Esploratore veterano di Lothlorien
trp_lothlorien_veteran_scout_pl|Esploratori veterani di Lothlorien
trp_lothlorien_archer|Arciere di Lothlorien
trp_lothlorien_archer_pl|Arcieri di Lothlorien
trp_lothlorien_veteran_archer|Arciere veterano di Lothlorien
trp_lothlorien_veteran_archer_pl|Arcieri veterani di Lothlorien
trp_lothlorien_master_archer|Mastro arciere di Lothlorien
trp_lothlorien_master_archer_pl|Mastri arcieri di Lothlorien
trp_galadhrim_royal_archer|Arciere reale di Galadhrim
trp_galadhrim_royal_archer_pl|Arcieri reali di Galadhrim
trp_galadhrim_royal_marksman|Tiratore scelto di Galadhrim
trp_galadhrim_royal_marksman_pl|Tiratori scelti di Galadhrim
trp_noldorin_mounted_archer|Arciere a cavallo di Noldorin
trp_noldorin_mounted_archer_pl|Arcieri a cavallo di Noldorin
trp_lothlorien_infantry|Fante di Lothlorien
trp_lothlorien_infantry_pl|Fanteria di Lothlorien
trp_lothlorien_veteran_infantry|Fante veterano di Lothlorien
trp_lothlorien_veteran_infantry_pl|Fanteria veterana di Lothlorien
trp_lothlorien_elite_infantry|Fante d'elite di Lothlorien
trp_lothlorien_elite_infantry_pl|Fanteria d'élite di Lothlorien
trp_galadhrim_royal_swordsman|Spadaccino reale di Galadhrim
trp_galadhrim_royal_swordsman_pl|Spadaccini reali di Galadhrim
trp_lothlorien_warden|Guardiano di Lothlorien
trp_lothlorien_warden_pl|Guardiani di Lothlorien
trp_lothlorien_veteran_warden|Guardiano veterano di Lothlorien
trp_lothlorien_veteran_warden_pl|Guardiani veterani di Lothlorien
trp_galadhrim_royal_warden|Guardiano reale di Galadhrim
trp_galadhrim_royal_warden_pl|Guardiani reali di Galadhrim
trp_lothlorien_standard_bearer|Portatore comune di Lothlorien
trp_lothlorien_standard_bearer_pl|Portatori comuni di Lothlorien
trp_greenwood_scout|Esploratore di Boscoverde
trp_greenwood_scout_pl|Esploratori di Boscoverde
trp_greenwood_veteran_scout|Esploratore veterano di Boscoverde
trp_greenwood_veteran_scout_pl|Esploratori veterani di Boscoverde
trp_greenwood_archer|Arco lungo di Boscoverde
trp_greenwood_archer_pl|Archi lunghi di Boscoverde
trp_greenwood_veteran_archer|Arciere di Boscoverde
trp_greenwood_veteran_archer_pl|Arcieri di Boscoverde
trp_greenwood_master_archer|Arciere veterano di Boscoverde
trp_greenwood_master_archer_pl|Arcieri veterani di Boscoverde
trp_thranduils_royal_marksman|Tiratore scelto reale di Thranduil
trp_thranduils_royal_marksman_pl|Tiratori scelti reali di Thranduil
trp_greenwood_sentinel|Sentinella di Boscoverde
trp_greenwood_sentinel_pl|Sentinelle di Boscoverde
trp_greenwood_vet_sentinel|Sentinella veterana di Boscoverde
trp_greenwood_vet_sentinel_pl|Sentinelle veterane di Boscoverde
trp_mirkwood_guardsman|Guardia di Boscoverde
trp_mirkwood_guardsman_pl|Guardie di Boscoverde
trp_greenwood_spearman|Fante di Greenwood
trp_greenwood_spearman_pl|Fanteria di Boscoverde
trp_greenwood_veteran_spearman|Fante veterano di Boscoverde
trp_greenwood_veteran_spearman_pl|Fanteria veterana di Boscoverde
trp_greenwood_royal_spearman|Fante d'élite di Boscoverde
trp_greenwood_royal_spearman_pl|Fanteria d'élite di Boscoverde
trp_thranduils_royal_swordsman|Spadaccino reale di Thranduil
trp_thranduils_royal_swordsman_pl|Spadaccini reali di Thranduil
trp_thranduils_spearman|Picchiere reale di Thranduil
trp_thranduils_spearman_pl|Picchieri reali di Thranduil
trp_greenwood_standard_bearer|Portatore comune di Boscoverde
trp_greenwood_standard_bearer_pl|Portatori comuni di Boscoverde
trp_rivendell_scout|Esploratore di Gran Burrone
trp_rivendell_scout_pl|Esploratori di Gran Burrone
trp_rivendell_veteran_scout|Esploratore veterano di Gran Burrone
trp_rivendell_veteran_scout_pl|Esploratori veterani di Gran Burrone
trp_rivendell_sentinel|Sentinella di Gran Burrone
trp_rivendell_sentinel_pl|Sentinelle di Gran Burrone
trp_rivendell_veteran_sentinel|Sentinella veterana di Gran Burrone
trp_rivendell_veteran_sentinel_pl|Sentinelle veterane di Gran Burrone
trp_rivendell_elite_sentinel|Sentinella d'élite di Gran Burrone
trp_rivendell_elite_sentinel_pl|Sentinelle d'élite di Gran Burrone
trp_rivendell_guardian|Guardiano di Gran Burrone
trp_rivendell_guardian_pl|Guardiani di Gran Burrone
trp_rivendell_infantry|Fante di Gran Burrone
trp_rivendell_infantry_pl|Fanteria di Gran Burrone
trp_rivendell_veteran_infantry|Fante veterano di Gran Burrone
trp_rivendell_veteran_infantry_pl|Fanteria veterana di Gran Burrone
trp_rivendell_elite_infantry|Fante d'élite di Gran Burrone
trp_rivendell_elite_infantry_pl|Fanteria d'élite di Gran Burrone
trp_rivendell_royal_infantry|Fante reale di Gran Burrone
trp_rivendell_royal_infantry_pl|Fanteria reale di Gran Burrone
trp_rivendell_cavalry|Uomo a cavallo di Gran Burrone
trp_rivendell_cavalry_pl|Uomini a cavallo di Gran Burrone
trp_knight_of_rivendell|Cavaliere di Gran Burrone
trp_knight_of_rivendell_pl|Cavalieri di Gran Burrone
trp_rivendell_standard_bearer|Portatore comune di Gran Burrone
trp_rivendell_standard_bearer_pl|Portatori comuni di Gran Burrone
trp_dunedain_scout|Esploratore Dunedain
trp_dunedain_scout_pl|Esploratori Dunedain
trp_dunedain_trained_scout|Inseguitore Dunedain
trp_dunedain_trained_scout_pl|Inseguitori Dunedain
trp_arnor_man_at_arms|Armigero di Arnor
trp_arnor_man_at_arms_pl|Armigeri di Arnor
trp_arnor_master_at_arms|Mastro d'armi di Arnor
trp_arnor_master_at_arms_pl|Mastri d'arme di Arnor
trp_high_swordsman_of_arnor|Esperto spadaccino di Arnor
trp_high_swordsman_of_arnor_pl|Esperti spadaccini di Arnor
trp_arnor_horsemen|Uomo a cavallo di Arnor
trp_arnor_horsemen_pl|Uomini a cavallo di Arnor
trp_knight_of_arnor|Cavaliere di Arnor
trp_knight_of_arnor_pl|Cavalieri di Arnor
trp_dunedain_ranger|Guardia della foresta Dunedain
trp_dunedain_ranger_pl|Guardie della foresta Dunedain
trp_dunedain_veteran_ranger|Guardia della foresta veterana Dunedain
trp_dunedain_veteran_ranger_pl|Guardie della foresta veterane Dunedain
trp_dunedain_master_ranger|Guardia della foresta esperta Dunedain
trp_dunedain_master_ranger_pl|Guardie della foresta esperte Dunedain
trp_rohan_youth|Giovane di Rohan
trp_rohan_youth_pl|Giovani di Rohan
trp_guardsman_of_rohan|Guardia di Rohan
trp_guardsman_of_rohan_pl|Guardie di Rohan
trp_footman_of_rohan|Fante di Rohan
trp_footman_of_rohan_pl|Fanti di Rohan
trp_veteran_footman_of_rohan|Fante veterano di Rohan
trp_veteran_footman_of_rohan_pl|Fanti veterani di Rohan
trp_elite_footman_of_rohan|Fante d'élite di Rohan
trp_elite_footman_of_rohan_pl|Fanti d'élite di Rohan
trp_folcwine_guard_of_rohan|Guardia amico del popolo di Rohan
trp_folcwine_guard_of_rohan_pl|Guardie amico del popolo di Rohan
trp_raider_of_rohan|Cacciatore dell'ordine di Frealaf
trp_raider_of_rohan_pl|Cacciatori dell'ordine di Frealaf
trp_heavy_swordsman_of_rohan|Spadaccino pesante di Rohan
trp_heavy_swordsman_of_rohan_pl|Spadaccini pesanti di Rohan
trp_warden_of_methuseld|Guardiano di Methuseld
trp_warden_of_methuseld_pl|Guardiani di Methuseld
trp_skirmisher_of_rohan|Schermagliatore di Rohan
trp_skirmisher_of_rohan_pl|Schermagliatori di Rohan
trp_veteran_skirmisher_of_rohan|Schermagliatore veterano di Rohan
trp_veteran_skirmisher_of_rohan_pl|Schermagliatori veterani di Rohan
trp_elite_skirmisher_of_rohan|Schermagliatore d'élite di Rohan
trp_elite_skirmisher_of_rohan_pl|Schermagliatori d'élite di Rohan
trp_thengel_guard_of_rohan|Guardia dell'ordine di Thengel di Rohan
trp_thengel_guard_of_rohan_pl|Guardie dell'ordine di Thengel di Rohan
trp_lancer_of_rohan|Lanciere di Rohan
trp_lancer_of_rohan_pl|Lancieri di Rohan
trp_elite_lancer_of_rohan|Lanciere d'élite di Rohan
trp_elite_lancer_of_rohan_pl|Lancieri d'élite di Rohan
trp_brego_guard_of_rohan|Guardia dell'ordine di Brego di Rohan
trp_brego_guard_of_rohan_pl|Guardie dell'ordine di Brego di Rohan
trp_king_s_man_of_rohan|Guardia del Re
trp_king_s_man_of_rohan_pl|Guardie del Re
trp_squire_of_rohan|Nobile di Rohan
trp_squire_of_rohan_pl|Nobili di Rohan
trp_rider_of_rohan|Cavallerizzo di Rohan
trp_rider_of_rohan_pl|Cavallerizzi di Rohan
trp_veteran_rider_of_rohan|Cavallerizzo veterano di Rohan
trp_veteran_rider_of_rohan_pl|Cavallerizzi veterani di Rohan
trp_elite_rider_of_rohan|Cavallerizzo d'élite di Rohan
trp_elite_rider_of_rohan_pl|Cavallerizzi d'élite di Rohan
trp_eorl_guard_of_rohan|Guardia dell'ordine di Eorl di Rohan
trp_eorl_guard_of_rohan_pl|Guardie dell'ordine di Eorl di Rohan
trp_dismounted_skirmisher_of_rohan|Schermagliatore di Rohan
trp_dismounted_skirmisher_of_rohan_pl|Schermagliatori di Rohan
trp_dismounted_veteran_skirmisher_of_rohan|Schermagliatore veterano di Rohan
trp_dismounted_veteran_skirmisher_of_rohan_pl|Schermagliatori veterani di Rohan
trp_dismounted_elite_skirmisher_of_rohan|Schermagliatore d'élite di Rohan
trp_dismounted_elite_skirmisher_of_rohan_pl|Schermagliatori d'élite di Rohan
trp_dismounted_thengel_guard_of_rohan|Guardia dell'ordine di Thengel di Rohan
trp_dismounted_thengel_guard_of_rohan_pl|Guardie dell'ordine di Thengel di Rohan
trp_harad_desert_warrior|Coscritto di Harad
trp_harad_desert_warrior_pl|Coscritti di Harad
trp_harad_infantry|Fante leggero di Harad
trp_harad_infantry_pl|Fanti leggeri di Harad
trp_harad_veteran_infantry|Picchiere di Harad
trp_harad_veteran_infantry_pl|Picchieri di Harad
trp_harad_tiger_guard|Guardia dell'ordine della Tigre
trp_harad_tiger_guard_pl|Guardie dell'ordine della Tigre
trp_harad_swordsman|Spadaccino di Harad
trp_harad_swordsman_pl|Spadaccini di Harad
trp_harad_lion_guard|Guardia dell'ordine del Leone
trp_harad_lion_guard_pl|Guardie dell'ordine del Leone
trp_harad_skirmisher|Schermagliatore di Harad
trp_harad_skirmisher_pl|Schermagliatori di Harad
trp_harad_archer|Arciere di Harad
trp_harad_archer_pl|Arcieri di Harad
trp_harad_eagle_guard|Guardia dell'ordine dell'Aquila
trp_harad_eagle_guard_pl|Guardie dell'ordine dell'Aquila
trp_harondor_scout|Esploratore di Harondor
trp_harondor_scout_pl|Esploratori di Harondor
trp_harondor_rider|Cavallerizzo di Harondor
trp_harondor_rider_pl|Cavallerizzi di Harondor
trp_harondor_light_cavalry|Cavaliere leggero di Harondor
trp_harondor_light_cavalry_pl|Cavalleria leggera di Harondor
trp_fang_heavy_cavalry|Cavaliere pesante dell'ordine di Fang
trp_fang_heavy_cavalry_pl|Cavalleria pesante dell'ordine di Fang
trp_harad_horse_archer|Arciere a cavallo di Harad
trp_harad_horse_archer_pl|Arcieri a cavallo di Harad
trp_black_snake_horse_archer|Arciere a cavallo dell'ordine del Serpente Nero
trp_black_snake_horse_archer_pl|Arcieri a cavallo dell'ordine del Serpente Nero
trp_gold_serpent_horse_archer|Arciere a cavallo dell'ordine del Serpente d'Oro
trp_gold_serpent_horse_archer_pl|Arcieri a cavallo dell'ordine del Serpente d'Oro
trp_far_harad_tribesman|Uomo delle Tribù del Lontano Harad
trp_far_harad_tribesman_pl|Uomo della tribù di Far Harad
trp_far_harad_champion|Campione di Far Harad
trp_far_harad_champion_pl|Campioni di Far Harad
trp_far_harad_panther_guard|Guardia dell'Ordine della Pantera
trp_far_harad_panther_guard_pl|Guardie dell'Ordine della Pantera
trp_dunnish_wildman|Uomo selvaggio dei Dunnish
trp_dunnish_wildman_pl|Uomini selvaggi dei Dunnish
trp_dunnish_warrior|Guerriero dei Dunnish
trp_dunnish_warrior_pl|Guerrieri dei Dunnish
trp_dunnish_pikeman|Picchiere dei Dunnish
trp_dunnish_pikeman_pl|Picchieri dei Dunnish
trp_dunnish_veteran_pikeman|Picchiere veterano dei Dunnish
trp_dunnish_veteran_pikeman_pl|Picchieri veterani dei Dunnish
trp_dunnish_raven_rider|Cavallerizzo Corvo dei Dunnish
trp_dunnish_raven_rider_pl|Cavallerizzi Corvo dei Dunnish
trp_dunnish_vet_warrior|Guerriero veterano dei Dunnish
trp_dunnish_vet_warrior_pl|Guerrieri veterani dei Dunnish
trp_dunnish_wolf_warrior|Guerriero Dunnish dell'Ordine del Lupo
trp_dunnish_wolf_warrior_pl|Guerrieri Dunnish dell'Ordine del Lupo
trp_dunnish_wolf_guard|Guardia Dunnish dell'Ordine del Lupo
trp_dunnish_wolf_guard_pl|Guardie Dunnish dell'Ordine del Lupo
trp_dunnish_chieftan|Capitano Dunnish
trp_dunnish_chieftan_pl|Capitani Dunnish
trp_easterling_youth|Schiavo Variag
trp_easterling_youth_pl|Schiavi Variag
trp_easterling_warrior|Guerriero di Khand
trp_easterling_warrior_pl|Guerrieri di Khand
trp_easterling_axeman|Uomo d'ascia Variag
trp_easterling_axeman_pl|Uomini d'ascia Variag
trp_easterling_veteran_axeman|Uomo d'ascia Veterano Variag
trp_easterling_veteran_axeman_pl|Uomini d'ascia veterani Variag
trp_easterling_axe_master|Mastro d'ascia Variag
trp_easterling_axe_master_pl|Mastri d'ascia Variag
trp_easterling_rider|Cavalcatore di Pony Variag
trp_easterling_rider_pl|Cavalcatori di Pony Variag
trp_easterling_horseman|Uomo a cavallo Variag
trp_easterling_horseman_pl|Uomini a cavallo Variag
trp_easterling_veteran_horseman|Uomo a cavallo Pesante Variag
trp_easterling_veteran_horseman_pl|Uomini a cavallo Pesanti Variag
trp_easterling_horsemaster|Cavaliere Variag
trp_easterling_horsemaster_pl|Cavalieri Variag
trp_easterling_lance_kataphract|Cavaliere con Lancia Variag
trp_easterling_lance_kataphract_pl|Cavalieri con Lancia Variag
trp_khand_glaive_whirler|Spadaccino Khand
trp_khand_glaive_whirler_pl|Spadaccini Khand
trp_variag_veteran_glaive_whirler|Spadaccino Veterano Khand
trp_variag_veteran_glaive_whirler_pl|Spadaccini Veterani Khand
trp_khand_glaive_master|Mastro d'Alabarda Khand
trp_khand_glaive_master_pl|Mastri d'Alabarda Khand
trp_variag_pitfighter|Lottatore del fosso Variag
trp_variag_pitfighter_pl|Lottatori del fosso Variag
trp_variag_gladiator|Berserker Variag
trp_variag_gladiator_pl|Berserker Variag
trp_easterling_skirmisher|Schermagliatore Variag
trp_easterling_skirmisher_pl|Schermagliatori Variag
trp_easterling_veteran_skirmisher|Schermagliatore Veterano Variag
trp_easterling_veteran_skirmisher_pl|Schermagliatori Veterani Variag
trp_easterling_elite_skirmisher|Schermagliatore Pesante Variag
trp_easterling_elite_skirmisher_pl|Schermagliatori Pesanti Variag
trp_corsair_youth|Marinaio Umbar
trp_corsair_youth_pl|Marinai Umbar
trp_corsair_warrior|Guerriero Umbar
trp_corsair_warrior_pl|Guerrieri Umbar
trp_corsair_pikeman|Picchiere di Umbar
trp_corsair_pikeman_pl|Picchieri di Umbar
trp_corsair_veteran_raider|Razziatore Corsaro Veterano
trp_corsair_veteran_raider_pl|Razziatori Corsari Veterani
trp_corsair_night_raider|Razziatore Corsaro Notturno
trp_corsair_night_raider_pl|Razziatori Corsari Notturni
trp_militia_of_umbar|Miliziano di Umbar
trp_militia_of_umbar_pl|Miliziani di Umbar
trp_marksman_of_umbar|Schermagliatore di Umbar
trp_marksman_of_umbar_pl|Schermagliatori di Umbar
trp_veteran_marksman_of_umbar|Schermagliatore Veterano di Umbar
trp_veteran_marksman_of_umbar_pl|Schermagliatori Veterani di Umbar
trp_master_marksman_of_umbar|Mastro Schermagliatore Corsaro
trp_master_marksman_of_umbar_pl|Mastri Schermagliatori Corsari
trp_corsair_marauder|Spadaccino di Umbar
trp_corsair_marauder_pl|Spadaccini di Umbar
trp_corsair_veteran_marauder|Spadaccino Veterano di Umbar
trp_corsair_veteran_marauder_pl|Spadaccini Veterani di Umbar
trp_corsair_elite_marauder|Mastro di Spada Corsaro
trp_corsair_elite_marauder_pl|Mastri di Spada Corsaro
trp_assassin_of_umbar|Assassino di Umbar
trp_assassin_of_umbar_pl|Assassini di Umbar
trp_master_assassin_of_umbar|Corsaro Assassino
trp_master_assassin_of_umbar_pl|Corsari Assassini
trp_pikeman_of_umbar|Picchiere di Umbar
trp_pikeman_of_umbar_pl|Picchieri di Umbar
trp_veteran_pikeman_of_umbar|Picchiere Veterano di Umbar
trp_veteran_pikeman_of_umbar_pl|Picchieri Veterani di Umbar
trp_pike_master_of_umbar|Mastro di Picca Corsaro
trp_pike_master_of_umbar_pl|Mastri di Picca Corsari
trp_orc_snaga_of_isengard|Orco Snaga di Isengard
trp_orc_snaga_of_isengard_pl|Orchi Snaga di Isengard
trp_orc_of_isengard|Orco di Isengard
trp_orc_of_isengard_pl|Orchi di Isengard
trp_large_orc_of_isengard|Orco Grande di Isengard
trp_large_orc_of_isengard_pl|Orchi Grandi di Isengard
trp_fell_orc_of_isengard|Orco Caduto di Isengard
trp_fell_orc_of_isengard_pl|Orchi Caduti di Isengard
trp_large_orc_despoiler|Orco Grande Saccheggiatore
trp_large_orc_despoiler_pl|Orchi Grandi Saccheggiatori
trp_fell_orc_despoiler|Orco Caduto Saccheggiatore
trp_fell_orc_despoiler_pl|Orchi Caduti Saccheggiatori
trp_wolf_rider_of_isengard|Cavalca-Lupo di Isengard
trp_wolf_rider_of_isengard_pl|Cavalca-Lupi di Isengard
trp_warg_rider_of_isengard|Cavalca-Mannaro di Isengard
trp_warg_rider_of_isengard_pl|Cavalca-Mannari di Isengard
trp_white_hand_rider|Cavaliere della Mano Bianca
trp_white_hand_rider_pl|Cavalieri della Mano Bianca
trp_warg_ghost_1b|Mannaro
trp_warg_ghost_1b_pl|Mannari
trp_warg_ghost_1c|Mannaro
trp_warg_ghost_1c_pl|Mannari
trp_warg_ghost_1d|Mannaro
trp_warg_ghost_1d_pl|Mannari
trp_warg_ghost_a1b|Mannaro
trp_warg_ghost_a1b_pl|Mannari
trp_warg_ghost_a1c|Mannaro corazzato
trp_warg_ghost_a1c_pl|Mannari Corazzati
trp_warg_ghost_a2b|Mannaro corazzato
trp_warg_ghost_a2b_pl|Mannari Corazzati
trp_warg_ghost_a2c|Mannaro corazzato
trp_warg_ghost_a2c_pl|Mannari Corazzati
trp_warg_ghost_a3a|Mannaro corazzato
trp_warg_ghost_a3a_pl|Mannari Corazzati
trp_warg_ghost_h|Mannaro enorme
trp_warg_ghost_h_pl|Mannari Enormi
trp_uruk_hai_tracker|Inseguitore Uruk-Hai
trp_uruk_hai_tracker_pl|Inseguitori Uruk-Hai
trp_large_uruk_hai_tracker|Grande Braccatore Uruk-Hai
trp_large_uruk_hai_tracker_pl|Grandi Braccatori Uruk-Hai
trp_fighting_uruk_hai_tracker|Braccatore Combattente Uruk-Hai
trp_fighting_uruk_hai_tracker_pl|Braccatori Combattenti Uruk-Hai
trp_fighting_uruk_hai_berserker|Combattente Berserker Uruk-Hai
trp_fighting_uruk_hai_berserker_pl|Combattenti Berserker Uruk-Hai
trp_uruk_snaga_of_isengard|Uruk-Hai Rinato
trp_uruk_snaga_of_isengard_pl|Uruk-Hai Rinati
trp_uruk_hai_of_isengard|Uruk-Hai di Isengard
trp_uruk_hai_of_isengard_pl|Uruk-Hai di Isengard
trp_large_uruk_hai_of_isengard|Grande Uruk-Hai di Isengard
trp_large_uruk_hai_of_isengard_pl|Grandi Uruk-Hai di Isengard
trp_fighting_uruk_hai_warrior|Combattente Guerriero Uruk-Hai
trp_fighting_uruk_hai_warrior_pl|Combattenti Guerrieri Uruk-Hai
trp_fighting_uruk_hai_champion|Campione Combattente Uruk-Hai
trp_fighting_uruk_hai_champion_pl|Campioni Combattenti Uruk-Hai
trp_uruk_hai_pikeman|Picchiere Uruk-Hai
trp_uruk_hai_pikeman_pl|Picchieri Uruk-Hai
trp_fighting_uruk_hai_pikeman|Picchiere Combattente Uruk-Hai
trp_fighting_uruk_hai_pikeman_pl|Picchieri Combattenti Uruk-Hai
trp_urukhai_standard_bearer|Portabandiera Uruk-Hai
trp_urukhai_standard_bearer_pl|Portabandiere Uruk-Hai
trp_uruk_snaga_of_mordor|Uruk Snaga di Mordor
trp_uruk_snaga_of_mordor_pl|Uruk Snaga di Mordor
trp_uruk_of_mordor|Uruk di Mordor
trp_uruk_of_mordor_pl|Uruk di Mordor
trp_large_uruk_of_mordor|Grande Uruk di Mordor
trp_large_uruk_of_mordor_pl|Grandi Uruk di Mordor
trp_fell_uruk_of_mordor|Abbattitore Uruk di Mordor
trp_fell_uruk_of_mordor_pl|Abbattitori Uruk di Mordor
trp_uruk_slayer_of_mordor|Uruk Assassino di Mordor
trp_uruk_slayer_of_mordor_pl|Uruk Assassino di Mordor
trp_fell_uruk_slayer_of_mordor|Abbattitore Assassino Uruk di Mordor
trp_fell_uruk_slayer_of_mordor_pl|Abbattitori Assassini Uruk di Mordor
trp_black_uruk_of_barad_dur|Uruk Nero di Barad Dur
trp_black_uruk_of_barad_dur_pl|Uruk Neri di Barad Dur
trp_uruk_mordor_standard_bearer|Portabandiera di Mordor
trp_uruk_mordor_standard_bearer_pl|Portabandiere di Mordor
trp_troll_of_moria|Troll di moria
trp_troll_of_moria_pl|Troll di Moria
trp_armoured_troll|Troll Corazzato
trp_armoured_troll_pl|Troll Corazzati
trp_olog_hai|Olog Hai di Mordor
trp_olog_hai_pl|Olog Hai di Mordor
trp_ent|Ent
trp_ent_pl|Ent
trp_orc_snaga_of_guldur|Orco Snaga di Guldur
trp_orc_snaga_of_guldur_pl|Orchi Snaga di Guldur
trp_orc_of_guldur|Orco di Guldur
trp_orc_of_guldur_pl|Orchi Snaga di Guldur
trp_orc_snaga_of_mordor|Orco Snaga di Mordor
trp_orc_snaga_of_mordor_pl|Orchi Snaga di Mordor
trp_orc_of_mordor|Orco di Mordor
trp_orc_of_mordor_pl|Orchi di Mordor
trp_large_orc_of_mordor|Grande Orco di Mordor
trp_large_orc_of_mordor_pl|Grandi Orchi di Mordor
trp_fell_orc_of_mordor|Orco Caduto di Mordor
trp_fell_orc_of_mordor_pl|Orchi Caduti di Mordor
trp_warg_rider_of_gorgoroth|Cavalca-Mannaro di Gorgoroth
trp_warg_rider_of_gorgoroth_pl|Cavalca-Mannari di Gorgoroth
trp_great_warg_rider_of_mordor|Grande Cavalca-Mannaro di Udun
trp_great_warg_rider_of_mordor_pl|Grandi Cavalca-Mannari di Udun
trp_morgul_orc|Orco Morgul
trp_morgul_orc_pl|Orchi Morgul
trp_fell_morgul_orc|Orco Morgul Caduto
trp_fell_morgul_orc_pl|Orchi Morgul Caduti
trp_orc_tracker_of_mordor|Orco Braccatore di Mordor
trp_orc_tracker_of_mordor_pl|Orchi Braccatori di Mordor
trp_fell_orc_tracker_of_mordor|Orco Abbattitore-Braccatore di Mordor
trp_fell_orc_tracker_of_mordor_pl|Orchi Abbattitori-Braccatori di Mordor
trp_orc_archer_of_mordor|Orco Arciere di Mordor
trp_orc_archer_of_mordor_pl|Orchi Arcieri di Mordor
trp_large_orc_archer_of_mordor|Grande Orco Arciere di Mordor
trp_large_orc_archer_of_mordor_pl|Grandi Orchi Arcieri di Mordor
trp_fell_orc_archer_of_mordor|Orco Caduto Arciere di Mordor
trp_fell_orc_archer_of_mordor_pl|Orchi Caduti Arcieri di Mordor
trp_wolf_rider_of_moria|Cavalca-Lupo di Moria
trp_wolf_rider_of_moria_pl|Cavalca-Lupi di Moria
trp_warg_rider_of_moria|Cavalca-Mannaro di Moria
trp_warg_rider_of_moria_pl|Cavalca-Mannari di Moria
trp_bolg_clan_rider|Cavalcatore del Clan Bolg
trp_bolg_clan_rider_pl|Cavalcatori del Clan Bolg
trp_snaga_of_moria|Snaga di Moria
trp_snaga_of_moria_pl|Snaga di Moria
trp_goblin_of_moria|Goblin di Moria
trp_goblin_of_moria_pl|Goblin di Moria
trp_large_goblin_of_moria|Grande Goblin di Moria
trp_large_goblin_of_moria_pl|Grandi Goblin di Moria
trp_fell_goblin_of_moria|Goblin Caduto di Moria
trp_fell_goblin_of_moria_pl|Goblin Caduti di Moria
trp_archer_snaga_of_moria|Arciere Snaga di Moria
trp_archer_snaga_of_moria_pl|Arcieri Snaga di Moria
trp_large_goblin_archer_of_moria|Grande Goblin Arciere di Moria
trp_large_goblin_archer_of_moria_pl|Grandi Goblin Arcieri di Moria
trp_fell_goblin_archer_of_moria|Goblin Caduto Arciere di Moria
trp_fell_goblin_archer_of_moria_pl|Goblin Caduti Arcieri di Moria
trp_goblin_gundabad|Goblin di Gundabad
trp_goblin_gundabad_pl|Goblin di Gundabad
trp_orc_gundabad|Orco di Gundabad
trp_orc_gundabad_pl|Orchi di Gundabad
trp_orc_fighter_gundabad|Combattente Orco di Gundabad
trp_orc_fighter_gundabad_pl|Combattenti Orchi di Gundabad
trp_fell_orc_warrior_gundabad|Orco Abbattitore Combattente di Gundabad
trp_fell_orc_warrior_gundabad_pl|Orchi Abbattitori Combattenti di Gundabad
trp_goblin_bowmen_gundabad|Goblin Tiratore del Nord
trp_goblin_bowmen_gundabad_pl|Goblin Tiratori del Nord
trp_keen_eyed_goblin_archer_gundabad|Goblin Arciere del Nord dalla vista acuta
trp_keen_eyed_goblin_archer_gundabad_pl|Goblin Arcieri del Nord dalla vista acuta
trp_fell_goblin_archer_gundabad|Goblin Caduto Arciere del Nord
trp_fell_goblin_archer_gundabad_pl|Goblin Arcieri Caduti del Nord
trp_goblin_rider_gundabad|Cavalcatore Goblin di Gundabad
trp_goblin_rider_gundabad_pl|Cavalcatori Goblin di Gundabad
trp_warg_rider_gundabad|Cavalca-Mannaro di Gundabad
trp_warg_rider_gundabad_pl|Cavalca-Mannari di Gundabad
trp_goblin_north_clan_rider|Goblin Cavalcatore del Clan Nord
trp_goblin_north_clan_rider_pl|Goblin Cavalcatori del Clan Nord
trp_mountain_goblin|Goblin di Montagna
trp_mountain_goblin_pl|Goblin di Montagna
trp_tribal_orc|Orco Tribale
trp_tribal_orc_pl|Orchi Tribali
trp_tribal_orc_warrior|Orco Tribale Guerriero
trp_tribal_orc_warrior_pl|Orchi Tribali Guerrieri
trp_tribal_orc_chief|Capo Orco Tribale
trp_tribal_orc_chief_pl|Capi Orchi Tribali
trp_black_numenorean_renegade|Rinnegato Numenoreano Nero
trp_black_numenorean_renegade_pl|Rinnegati Numenoreani Neri
trp_black_numenorean_warrior|Guerriero Numeroreano Nero
trp_black_numenorean_warrior_pl|Guerrieri Numenoreani Neri
trp_black_numenorean_veteran_warrior|Guerriero Veterano Numenoreano Nero
trp_black_numenorean_veteran_warrior_pl|Guerrieri Veterani Numenoreani Neri
trp_black_numenorean_champion|Campione Numenoreano Nero
trp_black_numenorean_champion_pl|Campioni Numenoreani Neri
trp_black_numenorean_assassin|Assassino Numenoreano Nero
trp_black_numenorean_assassin_pl|Assassini Numenoreani Neri
trp_black_numenorean_veteran_horseman|Numenoreano Nero a Cavallo
trp_black_numenorean_veteran_horseman_pl|Numenoreani Neri a Cavallo
trp_black_numenorean_horsemaster|Signore dei Cavalli Numenoreano Nero
trp_black_numenorean_horsemaster_pl|Signori dei Cavalli Numenoreani Neri
trp_noldorin_commander|Comandante di Noldorin
trp_noldorin_commander_pl|Comandanti di Noldorin
trp_elf_captain_of_lothlorien|Capitano Elfo di Lothlorien
trp_elf_captain_of_lothlorien_pl|Capitani Elfi di Lothlorien
trp_lothlorien_lieutenant|Tenente di Lothlorien
trp_lothlorien_lieutenant_pl|Tenenti di Lothlorien
trp_elf_captain_of_mirkwood|Capitano Elfo di Boscoverde
trp_elf_captain_of_mirkwood_pl|Capitani Elfi di Boscoverde
trp_mirkwood_lieutenant|Tenente di Boscoverde
trp_mirkwood_lieutenant_pl|Tenenti di Boscoverde
trp_elf_captain_of_rivendell|Capitano Elfo di Gran Burrone
trp_elf_captain_of_rivendell_pl|Capitani Elfi di Gran Burrone
trp_rivendell_lieutenant|Tenente di Gran Burrone
trp_rivendell_lieutenant_pl|Tenenti di Rivendell
trp_lieutenant_of_rohan|Tenente di Rohan
trp_lieutenant_of_rohan_pl|Tenenti di Rohan
trp_captain_of_rohan|Capitano di Rohan
trp_captain_of_rohan_pl|Capitani di Rohan
trp_high_captain_of_rohan|Alto Capitano di Rohan
trp_high_captain_of_rohan_pl|Alti Capitani di Rohan
trp_lieutenant_of_isengard|Tenente di Isengard
trp_lieutenant_of_isengard_pl|Tenenti di Isengard
trp_captain_of_isengard|Capitano di Isengard
trp_captain_of_isengard_pl|Capitani di Isengard
trp_high_captain_of_isengard|Alto Capitano di Isengard
trp_high_captain_of_isengard_pl|Alti Capitani di Isengard
trp_lieutenant_of_mordor|Tenente di Mordor
trp_lieutenant_of_mordor_pl|Tenenti di Mordor
trp_captain_of_mordor|Capitano di Mordor
trp_captain_of_mordor_pl|Capitani di Mordor
trp_high_captain_of_mordor|Alto Capitano di Mordor
trp_high_captain_of_mordor_pl|Alti Capitani di Mordor
trp_easterling_chieftain|Capo Variag
trp_easterling_chieftain_pl|Capi Variag
trp_easterling_lieutenant|Sacerdote di Guerra Variag
trp_easterling_lieutenant_pl|Sacerdoti di Guerra Variag
trp_harad_chieftain|Capo Harad
trp_harad_chieftain_pl|Capi Harad
trp_harad_lieutenant|Tenente Harad
trp_harad_lieutenant_pl|Tenenti Harad
trp_black_numenorean_captain|Capitano Numenoreano Nero
trp_black_numenorean_captain_pl|Capitani Numenoreani Neri
trp_black_numenorean_lieutenant|Tenente Numenoreano Nero
trp_black_numenorean_lieutenant_pl|Tenenti Numenoreani Neri
trp_dunnish_chieftain|Capitano Dunnish
trp_dunnish_chieftain_pl|Capitani Dunnish
trp_dunnish_lieutenant|Etmano Dunnish
trp_dunnish_lieutenant_pl|Etmani Dunnish
trp_goblin_chieftain|Capo Goblin
trp_goblin_chieftain_pl|Capi Goblin
trp_captain_of_gondor|Capitano di Gondor
trp_captain_of_gondor_pl|Capitani di Gondor
trp_nobleman|Nobile
trp_nobleman_pl|Nobili
trp_gondor_agent|Agente di Gondor
trp_gondor_agent_pl|Agenti di Gondor
trp_rohan_agent|Agente di Rohan
trp_rohan_agent_pl|Agenti di Rohan
trp_mordor_agent|Agente di Mordor
trp_mordor_agent_pl|Agenti di Mordor
trp_isengard_agent|Agente di Isengard
trp_isengard_agent_pl|Agenti di Isengard
trp_looter|Sciacallo
trp_looter_pl|Sciacalli
trp_bandit|Bandito
trp_bandit_pl|Banditi
trp_brigand|Brigante
trp_brigand_pl|Briganti
trp_mountain_bandit|Bandito della Montagna
trp_mountain_bandit_pl|Banditi delle Montagne
trp_forest_bandit|Bandito della Foresta
trp_forest_bandit_pl|Banditi delle Foreste
trp_sea_raider|Sciacallo dei Mari
trp_sea_raider_pl|Sciacalli dei Mari
trp_steppe_bandit|Bandito della Steppa
trp_steppe_bandit_pl|Banditi della Steppa
trp_manhunter|Cacciatore di uomini
trp_manhunter_pl|Cacciatore di uomini
trp_kidnapped_girl|Ragazza Rapita
trp_kidnapped_girl_pl|Ragazze Rapite
trp_refugee|Rifugiato
trp_refugee_pl|Rifugiati
trp_peasant_woman|Donna Contadina
trp_peasant_woman_pl|Donne Contadine
trp_caravan_master|Capo Carovana
trp_caravan_master_pl|Capi Carovana
trp_caravan_guard|Guardia della Carovana
trp_caravan_guard_pl|Guardie della Carovana
trp_messenger_man|Messaggero
trp_messenger_man_pl|Messaggeri
trp_messenger_elf|Messaggero
trp_messenger_elf_pl|Messaggeri
trp_messenger_dwarf|Messaggero
trp_messenger_dwarf_pl|Messaggeri
trp_messenger_orc|Messaggero
trp_messenger_orc_pl|Messaggeri
trp_messenger_evil_man|Messaggero
trp_messenger_evil_man_pl|Messaggeri
trp_town_walker_1|Cittadino
trp_town_walker_1_pl|Cittadini
trp_town_walker_2|Cittadina
trp_town_walker_2_pl|Cittadina
trp_village_walker_1|Paesano
trp_village_walker_1_pl|Paesani
trp_village_walker_2|Paesano
trp_village_walker_2_pl|Paesani
trp_spy_walker_1|Cittadino
trp_spy_walker_1_pl|Cittadini
trp_spy_walker_2|Cittadina
trp_spy_walker_2_pl|Cittadina
trp_walker_man_gondor_black|Cittadino
trp_walker_man_gondor_white|Cittadino
trp_walker_man_gondor_blue|Cittadino
trp_walker_man_gondor_green|Cittadino
trp_walker_man_rohan_t|Cittadino di Rohan
trp_walker_man_rohan_d|Cittadino di Rohan
trp_walker_woman_rohan_t|Fanciulla di Rohan
trp_walker_woman_rohan_d|Fanciulla di Rohan
trp_walker_woman_gondor_b|Donna di Gondor
trp_walker_woman_gondor_bw|Donna di Gondor
trp_walker_woman_gondor_w|Nobile di Gondor
trp_ramun_the_slave_trader|Ramun, il commerciante di Schiavi
trp_guide|Jimmy lo Svelto
trp_galeas|Galeas
trp_farmer_from_bandit_village|Contadino
trp_farmer_from_bandit_village_pl|Contadini
trp_trainer_1|Addestratore
trp_trainer_2|Addestratore
trp_trainer_3|Addestratore
trp_trainer_4|Addestratore
trp_trainer_gondor|Addestratore
trp_trainer_rohan|Addestratore
trp_trainer_dale|Addestratore
trp_trainer_elf|Addestratore
trp_trainer_beorn|Addestratore
trp_trainer_dwarf|Addestratore
trp_trainer_mordor|Addestratore
trp_trainer_isengard|Addestratore
trp_trainer_khand|Addestratore
trp_trainer_rhun|Addestratore
trp_trainer_harad|Addestrator
trp_trainer_umbar|Addestrator
trp_ransom_broker_1|Trafficante di Schiavi
trp_ransom_broker_2|Trafficante di Schiavi
trp_ransom_broker_3|Trafficante di Schiavi
trp_ransom_broker_4|Trafficante di Schiavi
trp_ransom_broker_5|Trafficante di Schiavi
trp_ransom_broker_6|Trafficante di Schiavi
trp_ransom_broker_7|Trafficante di Schiavi
trp_ransom_broker_8|Trafficante di Schiavi
trp_ransom_broker_9|Trafficante di Schiavi
trp_ransom_broker_10|Trafficante di Schiavi
trp_tavern_traveler_1|Viaggiatore
trp_tavern_traveler_2|Viaggiatore
trp_tavern_traveler_3|Viaggiatore
trp_tavern_traveler_4|Viaggiatore
trp_tavern_traveler_5|Viaggiatore
trp_tavern_traveler_6|Viaggiatore
trp_tavern_traveler_7|Viaggiatore
trp_tavern_traveler_8|Viaggiatore
trp_tavern_traveler_9|Viaggiatore
trp_tavern_traveler_10|Viaggiatore
trp_tavern_minstrel_1|Menestrello
trp_npc1|Mablung
trp_npc2|Cirdil
trp_npc3|Ulfas
trp_npc4|Galmyne
trp_npc5|Glorfindel
trp_npc6|Luevanna
trp_npc7|Kili Goldfinger
trp_npc8|Faniul
trp_npc9|Gulm
trp_npc10|Durgash
trp_npc11|Ufthak
trp_npc12|Gorbag
trp_npc13|Lykyada
trp_npc14|Fuldimir
trp_npc15|Bolzog
trp_npc16|Varfang
trp_npc17|Dimborn
trp_gondor_lord|Denethor, il Sovrintendente
trp_gondor_lord_pl|Sovrintendente
trp_rohan_lord|Re Theoden
trp_rohan_lord_pl|Re
trp_isengard_lord|Saruman
trp_isengard_lord_pl|Mastro 
trp_mordor_lord|Bocca di Sauron
trp_mordor_lord_pl|Satrap
trp_harad_lord|Capo Ul-Ulcari
trp_harad_lord_pl|Capo
trp_rhun_lord|Jarl Helcaroth
trp_rhun_lord_pl|Jarl
trp_khand_lord|Shibh Krukmahur
trp_khand_lord_pl|Shibh
trp_umbar_lord|Ammiraglio Tulmir
trp_umbar_lord_pl|Ammiraglio
trp_lorien_lord|Dama Galadriel
trp_lorien_lord_pl|Dama
trp_imladris_lord|Lord Elrond
trp_imladris_lord_pl|Lord
trp_woodelf_lord|Re Thranduil
trp_woodelf_lord_pl|ReRe
trp_moria_lord|Mastro Bolg, il Minore
trp_moria_lord_pl|Mastro
trp_guldur_lord|Mastro Fuinur
trp_guldur_lord_pl|Mastro
trp_gundabad_lord|Mastro Burza Krual
trp_gundabad_lord_pl|Mastro
trp_dale_lord|Re Brand
trp_dale_lord_pl|Re
trp_dwarf_lord|Re Dain II - Piede di Ferro
trp_dwarf_lord_pl|Re
trp_dunland_lord|Re Daeglaf il Nero
trp_dunland_lord_pl|Capo
trp_beorn_lord|Capo Grimbeorn, il Vecchio
trp_beorn_lord_pl|Capo
trp_lorien_marshall|Celeborn
trp_pippin_notmet|Mezz'uomo
trp_merry_notmet|Mezz'uomo
trp_pippin|Pipino
trp_merry|Merry
trp_knight_1_1|Angbor
trp_knight_1_2|Baranor
trp_knight_1_3|Principe Imrhail
trp_knight_1_4|Orthalion
trp_knight_1_5|Duinhir
trp_knight_1_6|Hirluin, il Giusto
trp_knight_1_7|Faramir
trp_knight_1_8|Forlong, il Grasso
trp_knight_1_9|Grimbold
trp_knight_1_10|Erkenbrand
trp_knight_1_11|Elfhelm
trp_knight_1_12|Hama
trp_knight_1_13|Gamling
trp_knight_1_14|Eomer
trp_knight_1_15|Ugluk
trp_knight_1_16|Mauhur
trp_knight_1_17|Mog Sette-dita
trp_knight_1_18|Hushnak Longshanks
trp_knight_1_19|Gridash, il Mordi-Albero
trp_knight_1_20|Gronk, il Cannibale
trp_knight_2_1|Capitano Mortakh
trp_knight_2_2|Beruthiel
trp_knight_2_3|Skang
trp_knight_2_4|Pharakhad, il Bastardo
trp_knight_2_5|Grishnakh
trp_knight_2_51|Gothmog
trp_knight_2_51_pl|Tenente
trp_knight_2_6|Capitano Karna, il Leone
trp_knight_2_7|Capitano Na'man
trp_knight_2_8|Capitano Haarith
trp_knight_2_11|Kusulak
trp_knight_2_12|Ulwath il Balchoth
trp_knight_2_13|Brodda
trp_knight_2_16|Torask
trp_knight_2_17|Lurmsakun
trp_knight_3_1|Capitano Morbir
trp_knight_3_2|Capitano Angamaite
trp_knight_3_3|Capitano Sangahyando
trp_knight_3_6|Haldir
trp_knight_3_7|Orophin
trp_knight_3_11|Elladan
trp_knight_3_12|Elrohir
trp_knight_3_13|Halbarad
trp_knight_3_16|Miriel
trp_knight_3_17|Gladvaethor
trp_knight_4_1|Whip Snog
trp_knight_4_2|Whip Snotgor
trp_knight_4_6|Generale Tuskim
trp_knight_4_7|Generale Mugslag
trp_knight_4_11|Beranhelm
trp_knight_4_12|Beranor, il Mantonero
trp_knight_4_16|Whip Brolgukhsh
trp_knight_4_17|Whip Grumrunt
trp_knight_4_18|Whip Grimsob
trp_knight_5_1|Lord Halward
trp_knight_5_2|Lord Bard
trp_knight_5_3|Lord Esagarin
trp_knight_5_6|Fulgni Barbalunga
trp_knight_5_7|Thorin, Elmo di Pietra
trp_knight_5_11|Capo Fudreim
trp_knight_5_12|Capo Wulf
trp_smith_mtirith|Berethor, il Fabbro
trp_smith_mtirith_pl|Fabbro del Sovrintendente
trp_smith_pelargir|Mastro del Metallo Hallatan
trp_smith_pelargir_pl|Fucina
trp_smith_linhir|Bor, il Corazziere
trp_smith_linhir_pl|Fucina
trp_smith_dolamroth|Haldad, il Fabbro
trp_smith_dolamroth_pl|Fabbri di Amroth
trp_smith_edhellond|Ryis, Piegatore di Ferro
trp_smith_edhellond_pl|Fucina
trp_smith_lossarnach|Berin, l'armaiolo
trp_smith_lossarnach_pl|Fucina
trp_smith_tarnost|Harandil, Martello d'acciaio
trp_smith_tarnost_pl|Fucina
trp_smith_erech|Lorne, il Nero
trp_smith_erech_pl|Fucina
trp_smith_pinnath|Tarandil, il Forgia-spade
trp_smith_pinnath_pl|Fucina
trp_smith_eosgiliath|Bzurg, il Saccheggiatore
trp_smith_eosgiliath_pl|Fucina
trp_smith_wosgiliath|Gardil
trp_smith_wosgiliath_pl|Fucina improvvisata
trp_smith_calembel|Agronom
trp_smith_calembel_pl|Fucina
trp_smith_hannun|Fal, il Fabbro dei Ranger
trp_smith_hannun_pl|Equipaggiamento di Scorta del Ranger
trp_smith_candros|Kalimdor
trp_smith_candros_pl|Fucina
trp_smith_edoras|Eaoden, il Mastro dell'Acciaio
trp_smith_edoras_pl|Fucina del Re
trp_smith_aldburg|Fulm, Zoccolo di Ferro
trp_smith_aldburg_pl|Fucina
trp_smith_hornburg|Aldhelm
trp_smith_hornburg_pl|Fucina
trp_smith_eastemnet|Eadfrid
trp_smith_eastemnet_pl|Fucina
trp_smith_westfold|Deor, il Forgiaelmi
trp_smith_westfold_pl|Fucina
trp_smith_westemnet|Corazziere
trp_smith_westemnet_pl|Fucina
trp_smith_eastfold|Eaderan, il Curvaferro
trp_smith_eastfold_pl|Fucina
trp_smith_morannon|Hurbag, il Forgiacancelli
trp_smith_morannon_pl|Fucina
trp_smith_mmorgul|Orgurz, L'Attizzafuochi
trp_smith_mmorgul_pl|Fucina
trp_town_24_smith|Boz, il Rubaferro
trp_town_24_smith_pl|Fucina
trp_smith_orc_patrol|Glugz, Dito di Ferro
trp_smith_orc_patrol_pl|Campo del Fabbro
trp_smith_oscamp|Kugash Ironlover
trp_smith_oscamp_pl|Campo del Fabbro
trp_smith_isengard|Burz, Battiferro
trp_smith_isengard_pl|Fucina sottoterra
trp_smith_uoutpost|Gurzuk, Dente di Ferro
trp_smith_uoutpost_pl|Fucina dell'avamposto
trp_smith_uhcamp|Rabzug, Mangiaruggine
trp_smith_uhcamp_pl|Campo del Fabbro
trp_smith_urcamp|Glurk
trp_smith_urcamp_pl|Campo del Fabbro
trp_smith_cgaladhon|Dirufin, il Fabbricatore di Archi
trp_smith_cgaladhon_pl|Forgiatori di Armi elfiche
trp_smith_cdolen|Dimirian, il Fabbricafrecce
trp_smith_cdolen_pl|Forgiatori di Armi elfiche
trp_smith_camroth|Getasistan
trp_smith_camroth_pl|Forgiatori di Armi elfiche
trp_smith_thranduils_halls|Thurinor
trp_smith_thranduils_halls_pl|Fucina
trp_smith_woodelf_camp|Calechir
trp_smith_woodelf_camp_pl|Fucina
trp_smith_beorn|Beornalaf, l'armaiolo
trp_smith_beorn_pl|Fucina
trp_smith_moria|Forgiatore Burgak
trp_smith_moria_pl|Fucina
trp_smith_dale|Ardel, Manodifuoco
trp_smith_dale_pl|Fucina
trp_smith_esgaroth|Kelegarn, il Fabbrica-Archi
trp_smith_esgaroth_pl|Fucina
trp_smith_erebor|Thror, il Fabbrica-Martelli
trp_smith_erebor_pl|Fabbri Nani Esperti
trp_smith_dunland|Dorrowuld, Picca di Ferro
trp_smith_dunland_pl|Fucina
trp_smith_harad|Har, Piega-acciaio
trp_smith_harad_pl|Fucina
trp_smith_khand|Pushurt, il Mercante
trp_smith_khand_pl|Fucina
trp_smith_umbar|Fuinir, il Forgiatore
trp_smith_umbar_pl|Fucina
trp_smith_imladris|Duifiran
trp_smith_imladris_pl|Forgiatori di Armi elfiche
trp_smith_dolguldur|Shtazg Dulbash
trp_smith_dolguldur_pl|Fucina
trp_smith_north_rhun|Ognjemir Kladivo
trp_smith_north_rhun_pl|Fucina improvvisata
trp_smith_gundabad|Blurg, il Vendineve
trp_smith_gundabad_pl|Fucina
trp_smith_ironhill|Fabbro della Collina di Ferro
trp_smith_ironhill_pl|Fabbri del campo dei Nani
trp_town_50_weaponsmith|Corazziere
trp_town_50_weaponsmith_pl|Fucina
trp_smith_gondor_ac|Bor, il Corazziere
trp_smith_gondor_ac_pl|Campo della Fucin
trp_smith_rohan_ac|Deor, il Forgiaelmi
trp_smith_rohan_ac_pl|Campo della Fucina
trp_smith_mordor_ac|Hurbag, il Forgiacancelli
trp_smith_mordor_ac_pl|Fucina
trp_smith_isengard_ac|Burz, il Battiferro
trp_smith_isengard_ac_pl|Fucina sottoterra
trp_smith_lorien_ac|Dimirian, il Fabbricafrecce
trp_smith_lorien_ac_pl|Forgiatori di Armi elfiche
trp_smith_woodelf_ac|Dhoelath
trp_smith_woodelf_ac_pl|Fucina
trp_smith_dwarf_ac|Fabbro della Collina di Ferro
trp_smith_dwarf_ac_pl|Fabbri del campo dei Nani
trp_smith_gundabad_ac|Blurg, il Vendineve
trp_smith_gundabad_ac_pl|Fucina
trp_smith_rhun_ac|Branimir Bronnik
trp_smith_rhun_ac_pl|Fucina improvvisata
trp_smith_guldur_ac|Shtazg Dulbash
trp_smith_guldur_ac_pl|Fucina
trp_smith_imladris_ac|Duifiran
trp_smith_imladris_ac_pl|Forgiatori di Armi elfiche
trp_smith_dunland_ac|Dorrowuld, Picca di Ferro
trp_smith_dunland_ac_pl|Fucina
trp_smith_harad_ac|Har, il Piega-acciaio
trp_smith_harad_ac_pl|Fucina
trp_smith_khand_ac|Pushurt, il Mercante
trp_smith_khand_ac_pl|Fucina
trp_smith_umbar_ac|Fuinir, il Forgiatore
trp_smith_umbar_ac_pl|Fucina
trp_barman_mtirith|Taverniere
trp_barman_mtirith_pl|La Cittadella
trp_barman_pelargir|Taverniere
trp_barman_pelargir_pl|Il Castello
trp_barman_linhir|Taverniere
trp_barman_linhir_pl|Il Castello
trp_barman_dolamroth|Taverniere
trp_barman_dolamroth_pl|Il Castello
trp_barman_edhellond|Taverniere
trp_barman_edhellond_pl|Il Castello
trp_barman_lossarnach|Taverniere
trp_barman_lossarnach_pl|Il Castello
trp_barman_tarnost|Taverniere
trp_barman_tarnost_pl|Il Castello
trp_barman_erech|Taverniere
trp_barman_erech_pl|Il Castello
trp_barman_pinnath|Taverniere
trp_barman_pinnath_pl|Il Castello
trp_barman_hannun|Taverniere
trp_barman_hannun_pl|La Caverna Segreta
trp_barman_calembel|Taverniere
trp_barman_calembel_pl|Il Castello
trp_barman_edoras|Taverniere
trp_barman_edoras_pl|Meduseld, il Palazzo d'Oro
trp_barman_aldburg|Taverniere
trp_barman_aldburg_pl|Il Castello
trp_barman_hornburg|Taverniere
trp_barman_hornburg_pl|Le Sale del Re
trp_barman_eastemnet|Tavernier
trp_barman_eastemnet_pl|Il Castello
trp_barman_westfold|Taverniere
trp_barman_westfold_pl|Il Castello
trp_barman_westemnet|Taverniere
trp_barman_westemnet_pl|Il Castello
trp_barman_eastfold|Tavernier
trp_barman_eastfold_pl|Il Castello
trp_barman_baraddur|Taverniere
trp_barman_baraddur_pl|Il Castello
trp_barman_morannon|Taverniere
trp_barman_morannon_pl|La Caverna del Capo
trp_barman_mmorgul|Taverniere
trp_barman_mmorgul_pl|La Torre
trp_barman_cungol|Taverniere
trp_barman_cungol_pl|Il Castello
trp_barman_isengard|Taverniere
trp_barman_isengard_pl|La torre di Orthanc
trp_barman_cgaladhon|Taverniere
trp_barman_cgaladhon_pl|L'albero Castello
trp_barman_cdolen|Taverniere
trp_barman_cdolen_pl|L'albero Castello
trp_barman_camroth|Taverniere
trp_barman_camroth_pl|L'albero Castello
trp_barman_thalls|Taverniere
trp_barman_thalls_pl|La stanza del Trono
trp_barman_beorn|Taverniere
trp_barman_beorn_pl|Casa di Beorn
trp_barman_moria|Taverniere
trp_barman_moria_pl|La Camera del Capo
trp_barman_dale|Taverniere
trp_barman_dale_pl|Il Castello
trp_barman_esgaroth|Taverniere
trp_barman_esgaroth_pl|La Sala
trp_barman_erebor|Taverniere
trp_barman_erebor_pl|La Sala del Re
trp_barman_dolguldur|Taverniere
trp_barman_dolguldur_pl|Il Castello
trp_merchant_mtirith|Cibo e Cavalli
trp_merchant_mtirith_pl|La stalla e il Magazzino
trp_merchant_pelargir|Cibo e Cavalli
trp_merchant_pelargir_pl|La stalla e il Magazzino
trp_merchant_linhir|Cibo e Cavalli
trp_merchant_linhir_pl|La stalla e il Magazzino
trp_merchant_dolamroth|Cibo e Cavalli
trp_merchant_dolamroth_pl|La stalla e il Magazzino
trp_merchant_edhellond|Cibo e Cavalli
trp_merchant_edhellond_pl|La stalla e il Magazzino
trp_merchant_lossarnach|Cibo e Cavalli
trp_merchant_lossarnach_pl|La stalla e il Magazzino
trp_merchant_tarnost|Cibo e Cavalli
trp_merchant_tarnost_pl|La stalla e il Magazzino
trp_merchant_erech|Cibo e Cavalli
trp_merchant_erech_pl|La stalla e il Magazzino
trp_merchant_pinnath|Cibo e Cavalli
trp_merchant_pinnath_pl|La stalla e il Magazzino
trp_merchant_eosgiliath|Cibo e Cavalli
trp_merchant_eosgiliath_pl|La stalla e il Magazzino
trp_merchant_wosgiliath|Cibo e Cavalli
trp_merchant_wosgiliath_pl|La stalla e il Magazzino
trp_town_12_horse_merchant|Cibo e Cavalli
trp_town_12_horse_merchant_pl|La stalla e il Magazzino
trp_town_13_horse_merchant|Cibo e Cavalli
trp_town_13_horse_merchant_pl|La stalla e il Magazzino
trp_merchant_edoras|Fanciulla delle Provviste
trp_merchant_edoras_pl|Lo Stabile e il Magazzino
trp_merchant_aldburg|Cibo e Cavalli
trp_merchant_aldburg_pl|Stabile e Magazzino del Re
trp_merchant_hornburg|Cibo e Cavalli
trp_merchant_hornburg_pl|La stalla e il Magazzino
trp_merchant_eastemnet|Cibo e Cavalli
trp_merchant_eastemnet_pl|La Stalla e il Magazzino
trp_merchant_westfold|Fanciulla delle Provviste
trp_merchant_westfold_pl|La Stalla e il Magazzino
trp_merchant_westemnet|Fanciulla delle Provviste
trp_merchant_westemnet_pl|La Stalla e il Magazzino
trp_merchant_eastfold|Fanciulla delle Provviste
trp_merchant_eastfold_pl|La stalla e il Magazzino
trp_town_21_horse_merchant|Cibo e Cavalli
trp_town_21_horse_merchant_pl|La Fossa e il Magazzino
trp_merchant_morannon|Cibo e Cavalli
trp_merchant_morannon_pl|La Fossa e il Magazzino
trp_merchant_mmorgul|Cibo e Cavalli
trp_merchant_mmorgul_pl|La Fossa e il Magazzino
trp_town_24_horse_merchant|Cibo e Cavalli
trp_town_24_horse_merchant_pl|La Fossa e il Magazzino
trp_merchant_orc_patrol|Cibo e Cavalli
trp_merchant_orc_patrol_pl|Campo delle Scorte
trp_merchant_isengard|Cibo e Cavalli
trp_merchant_isengard_pl|Campo delle Scorte
trp_town_27_horse_merchant|Cibo e Cavalli
trp_town_27_horse_merchant_pl|Fossa dei Mannari e Provviste
trp_merchant_uoutpost|Cibo e Cavalli
trp_merchant_uoutpost_pl|Fossa dei Mannari e Provvist
trp_merchant_uhcamp|Cibo e Cavalli
trp_merchant_uhcamp_pl|Fossa dei Mannari e Provvist
trp_merchant_urcamp|Cibo e Cavalli
trp_merchant_urcamp_pl|Fossa dei Mannari e Provvist
trp_merchant_cgaladhon|Cibo e Cavalli
trp_merchant_cgaladhon_pl|Provviste Elfiche
trp_merchant_cdolen|Cibo e Cavalli
trp_merchant_cdolen_pl|Provviste Elfiche
trp_merchant_camroth|Cibo e Cavalli
trp_merchant_camroth_pl|Provviste Elfiche
trp_merchant_thranduils_halls|Cibo e Cavalli
trp_merchant_thranduils_halls_pl|Provviste Elfiche
trp_merchant_woodelf_camp|Cibo e Cavalli
trp_merchant_woodelf_camp_pl|Provviste Elfiche
trp_merchant_woodmen|Cibo e Cavalli
trp_merchant_woodmen_pl|La stalla e il Magazzino
trp_merchant_beorn|Cibo e Cavalli
trp_merchant_beorn_pl|La stalla e il Magazzino
trp_merchant_moria|Cibo e Cavalli
trp_merchant_moria_pl|Fossa dei Mannari e Provvist
trp_merchant_dale|Cibo e Cavalli
trp_merchant_dale_pl|La stalla e il Magazzino
trp_merchant_esgaroth|Cibo e Cavalli
trp_merchant_esgaroth_pl|La stalla e il Magazzino
trp_merchant_erebor|Cibo e Cavalli
trp_merchant_erebor_pl|Provviste Naniche
trp_merchant_dunland|Mastro delle Scorte di Dun
trp_merchant_dunland_pl|Campo delle Scorte
trp_merchant_harad|Mastro delle Scorte di Harad
trp_merchant_harad_pl|Campo delle Scorte
trp_merchant_khand|Mastro delle Scorte di Khand
trp_merchant_khand_pl|Campo delle Scorte
trp_merchant_umbar|Cibo e Cavalli
trp_merchant_umbar_pl|Campo delle Scorte
trp_merchant_imladris|Cibo e Cavalli
trp_merchant_imladris_pl|Rifornimenti del Campo
trp_merchant_dolguldur|Cibo e Cavalli
trp_merchant_dolguldur_pl|La stalla e il Magazzino
trp_merchant_north_rhun|Cibo e Cavalli
trp_merchant_north_rhun_pl|Campo delle Scorte
trp_merchant_south_rhun|Cibo e Cavalli
trp_merchant_south_rhun_pl|Campo delle Scorte
trp_merchant_gundabad|Cibo e Cavalli
trp_merchant_gundabad_pl|Campo delle Scorte
trp_merchant_ironhill|Cibo e Cavalli
trp_merchant_ironhill_pl|Provviste Naniche
trp_town_50_horse_merchant|Cibo e Cavalli
trp_town_50_horse_merchant_pl|La stalla e il Magazzino
trp_merchant_calembel|Cibo e Cavalli
trp_merchant_calembel_pl|La stalla e il Magazzino
trp_elder_mtirith|Borgomastro di Minas Tirith
trp_elder_mtirith_pl|La Città Bianca
trp_elder_pelargir|Borgomastro del porto
trp_elder_pelargir_pl|La Città
trp_elder_linhir|Borgomastro di Linhir
trp_elder_linhir_pl|La Città
trp_elder_dolamroth|Borgomastro di Dol Amroth
trp_elder_dolamroth_pl|La Città
trp_elder_edhellond|Borgomastro di Edhellond
trp_elder_edhellond_pl|La Città
trp_elder_lossarnach|Borgomastro di Lossarnach
trp_elder_lossarnach_pl|La città
trp_elder_tarnost|Borgomastro di Tarnost
trp_elder_tarnost_pl|La città
trp_elder_erech|Borgomastro di Erech
trp_elder_erech_pl|La città
trp_elder_pinnath|Pinnath, l'anziano della Tribù
trp_elder_pinnath_pl|La città
trp_elder_ethring|Borgomastro di Calembel
trp_elder_ethring_pl|La Città
trp_elder_henneth|Borgomastro dei Ranger
trp_elder_henneth_pl|Il Nascondiglio
trp_elder_cairandros|Borgomastro di Cair Andros
trp_elder_cairandros_pl|L'isola Fortezza
trp_elder_edoras|Conte di Edoras
trp_elder_edoras_pl|La Città
trp_elder_aldburg|Conte di Aldburg
trp_elder_aldburg_pl|La città
trp_elder_hornburg|Conte di Hornburg
trp_elder_hornburg_pl|La Fortezza
trp_elder_eastemnet|Conte di Emnet Est
trp_elder_eastemnet_pl|La città
trp_elder_westfold|Conte di Westfold
trp_elder_westfold_pl|La città
trp_elder_westemnet|Conte di Emnet Ovest
trp_elder_westemnet_pl|La città
trp_elder_eastfold|Conte di Estfalda
trp_elder_eastfold_pl|La città
trp_elder_morannon|Capo del Morannon
trp_elder_morannon_pl|le grotte che si affacciano sul Grande Cancello
trp_elder_mmorgul|Capo dei Morgul
trp_elder_mmorgul_pl|La città Sinistra
trp_elder_cungol|Capo del Campo
trp_elder_cungol_pl|Il Campo
trp_elder_isengard|Grima Linguaverme
trp_elder_isengard_pl|La Città
trp_elder_cgaladhon|Sapiente di Lorien
trp_elder_cgaladhon_pl|La fortezza nella foresta degli elfi
trp_elder_cdolen|Sapiente di Lorien
trp_elder_cdolen_pl|L'accampamento
trp_elder_camroth|Sapiente di Lorien
trp_elder_camroth_pl|L'accampamento
trp_elder_thalls|Anziano di Bosco Atro
trp_elder_thalls_pl|Le caverne Elfiche
trp_elder_imladris|Comandante del campo di Gran Burrone
trp_elder_imladris_pl|Il Campo
trp_elder_wvillage|Pierre Woodman
trp_elder_wvillage_pl|Il Villaggio
trp_elder_beorn|Anziano di Beorn
trp_elder_beorn_pl|La Casata
trp_elder_harad|Capo del Campo Harad
trp_elder_harad_pl|Il Campo
trp_elder_rhun|Capo del Campo di Rhun
trp_elder_rhun_pl|Il Campo
trp_elder_khand|Capo del Campo di Khand
trp_elder_khand_pl|Il Campo
trp_elder_dunland|Capo del Campo di Dun
trp_elder_dunland_pl|Il Campo
trp_elder_umbar|Quartiermastro di Umbar
trp_elder_umbar_pl|Il campo fortificato
trp_elder_moria|Capo di Moria
trp_elder_moria_pl|Le Miniere
trp_elder_gunda|Capo delle Caverne
trp_elder_gunda_pl|Le Caverne
trp_elder_dale|Quartiermastro di Dale
trp_elder_dale_pl|La Città
trp_elder_esgaroth|Quartiermastro di Esgaroth
trp_elder_esgaroth_pl|La città sul lago
trp_elder_erebor|Borgomastro di Erebor
trp_elder_erebor_pl|Le Sale
trp_elder_dolguldur|Capo Guldur
trp_elder_dolguldur_pl|Il Castello Nero
trp_elder_gondor_ac|Comandante del Campo
trp_elder_gondor_ac_pl|Il Campo
trp_elder_rohan_ac|Comandante del Campo
trp_elder_rohan_ac_pl|Il Campo
trp_elder_mordor_ac|Comandante del Campo
trp_elder_mordor_ac_pl|Il Campo
trp_elder_isengard_ac|Comandante del Campo
trp_elder_isengard_ac_pl|Il Campo
trp_elder_lorien_ac|Comandante del Campo
trp_elder_lorien_ac_pl|Il Campo
trp_elder_woodelf_ac|Comandante del Campo
trp_elder_woodelf_ac_pl|Il Campo
trp_elder_imladris_ac|Comandante del Campo
trp_elder_imladris_ac_pl|Il Campo
trp_elder_beorn_ac|Comandante del Campo
trp_elder_beorn_ac_pl|Il Campo
trp_elder_harad_ac|Capo del Campo Harad
trp_elder_harad_ac_pl|Il Campo
trp_elder_rhun_ac|Capo del Campo di Rhun
trp_elder_rhun_ac_pl|Il Campo
trp_elder_khand_ac|Capo del Campo di Khand
trp_elder_khand_ac_pl|Il Campo
trp_elder_dunland_ac|Capo del Campo di Dun
trp_elder_dunland_ac_pl|Il Campo
trp_elder_umbar_ac|Quartiermastro Umbar
trp_elder_umbar_ac_pl|Il Campo
trp_elder_moria_ac|Capo del Campo di Moria
trp_elder_moria_ac_pl|Il Campo
trp_elder_gunda_ac|Capo del Campo di Gundabad
trp_elder_gunda_ac_pl|Il Campo
trp_elder_dale_ac|Quartiermastro di Dale
trp_elder_dale_ac_pl|Il Campo
trp_elder_guldur_ac|Capo del Campo di Guldur
trp_elder_guldur_ac_pl|Il Campo
trp_elder_dwarf_ac|Comandante del Campo nanico
trp_elder_dwarf_ac_pl|Il Campo
trp_village_1_elder|Anziano del Villaggio
trp_tutorial_chest_1|Cassa delle armi da mischia
trp_tutorial_chest_2|Cassa delle armi a distanza
trp_bonus_chest_1|Cassa Bonus
trp_bonus_chest_2|Cassa Bonus
trp_bonus_chest_3|Cassa Bonus
trp_camp_chest_faction|Cassa della Fazione
trp_camp_chest_none|Cassa di nessuno
trp_player_chest|La tua Cassa
trp_local_merchant|Mercante Locale
trp_local_merchant_pl|Mercanti Locali
trp_tax_rebel|Contadino Ribelle
trp_tax_rebel_pl|Contadini Ribelli
trp_trainee_peasant|Contadino
trp_trainee_peasant_pl|Contadini
trp_fugitive_man|Uomo Sospetto
trp_fugitive_man_pl|Uomini Sospetti
trp_fugitive_elf|Elfo Sospetto
trp_fugitive_elf_pl|Elfi Sospetti
trp_fugitive_dwarf|Nano Sospetto
trp_fugitive_dwarf_pl|Nani Sospetti
trp_fugitive_orc|Orco Sospetto
trp_fugitive_orc_pl|Orchi Sospetti
trp_spy|Corsaro dagli Occhi Sfuggenti
trp_spy_pl|Corsari dagli Occhi Sfuggenti
trp_spy_evil|Meridionale dagli Occhi Sfuggenti
trp_spy_evil_pl|Meridionali dagli Occhi Sfuggenti
trp_spy_partner|Spia Incaricata
trp_spy_partner_pl|Spie Incaricate
trp_spy_partner_evil|Spia Incaricata
trp_spy_partner_evil_pl|Spie Incaricate
trp_easter_egg_troll|Il Troll
trp_treebeard|Barbalbero
trp_ent_1|Bregalad
trp_ent_2|Finglas
trp_ent_3|Fladrif
trp_gandalf|Gandalf
trp_gandalf_pl|Gandalves casalinghi
trp_nazgul|Nazgul
trp_nazgul_pl|Nazgul addomesticato
trp_barman|Barman
trp_elder|Anziano del Centro
trp_gear_merchant|Mercante di Equipaggiamenti
trp_goods_merchant|Mercante di Beni
trp_start_quest_caravaneer|Torbal, il Carovaniere
trp_dorwinion_bandit|Bandito di Dorwinion
trp_dorwinion_bandit_pl|Banditi di Dorwinion
trp_dorwinion_raider|Razziatore di Dorwinion
trp_dorwinion_raider_pl|Razziatori di Dorwinion
trp_city_guard|Guardia di Città
trp_city_guard_pl|Guardia di Città
trp_orc_sentry|Orco Sentinella
trp_orc_sentry_pl|Orco Sentinella
trp_uruk_hai_sentry|Sentinella Uruk-Hai
trp_uruk_hai_sentry_pl|Sentinelle Uruk-Hai
trp_black_numenorean_sorcerer|Numenoreano Nero Stregone
trp_black_numenorean_sorcerer_pl|Numenoreano Nero Stregone
trp_black_numenorean_acolyte|Accolito Numenoreano Nero
trp_black_numenorean_acolyte_pl|Accoliti Numenoreano Neri
trp_wolf_rider_of_mirkwood|Cavalca-lupo di Bosco Atro
trp_wolf_rider_of_mirkwood_pl|Cavalca-lupi di Bosco Atro
trp_warg_rider_of_mirkwood|Cavalca-mannaro di Bosco Atro
trp_warg_rider_of_mirkwood_pl|Cavalca-mannari di Bosco Atro
trp_gate_aggravator|Il cancello è ancora in piedi
trp_orc_pretender|Orco Impostore
trp_human_prisoner|Prigioniero Umano
trp_spider|Ragno di Bosco Atro
trp_spider_pl|Ragni di Bosco Atro
trp_bear|Orso
trp_bear_pl|Orsi
trp_wolf|Lupo
trp_wolf_pl|Lupi
trp_dorwinion_sack|Fiordo di Dorwinion
trp_ring_hunter_captain|Capitano dei Cacciatori dell'Anello
trp_ring_hunter_lt|Capitano dei Cacciatori dell'Anello
trp_ring_hunter_one|Cacciatore dell'Anello
trp_ring_hunter_one_pl|Cacciatori dell'Anello
trp_ring_hunter_two|Cacciatore dell'Anello
trp_ring_hunter_two_pl|Cacciatori dell'Anello
trp_ring_hunter_three|Cacciatore dell'Anello
trp_ring_hunter_three_pl|Cacciatori dell'Anello
trp_ring_hunter_four|Cacciatore dell'Anello
trp_ring_hunter_four_pl|Cacciatori dell'Anello
trp_start_quest_uruk|Capitano Uruk di Mordor
trp_start_quest_orc|Tenente Orco di Mordor
trp_start_quest_orc_pl|Grandi Orchi di Mordor
trp_start_quest_woodelf|Tiratore scelto di Galadhrim
trp_start_quest_woodelf_pl|Tiratori scelti di Galadhrim
trp_start_quest_mordor_scout|Guida di Mordor
trp_start_quest_mordor_scout_pl|Guide di Mordor
trp_start_quest_beorning|Berserker della Carroccia di Beorn
trp_start_quest_beorning_pl|Berserker della Carroccia di Beorn
