trp_unarmed_troop|Безоружный воин
trp_unarmed_troop_pl|Безоружные воины
trp_tutorial_maceman|Воин с булавой
trp_tutorial_maceman_pl|Воины с булавой
trp_tutorial_archer|Лучник
trp_tutorial_archer_pl|Лучники
trp_tutorial_swordsman|Мечник
trp_tutorial_swordsman_pl|Мечники
trp_novice_fighter|Боец-новичок
trp_novice_fighter_pl|Бойцы-новички
trp_regular_fighter|Опытный боец
trp_regular_fighter_pl|Опытные бойцы
trp_veteran_fighter|Боец-ветеран
trp_veteran_fighter_pl|Бойцы-ветераны
trp_champion_fighter|Прославленный боец
trp_champion_fighter_pl|Прославленные бойцы
trp_arena_training_fighter_1|Боец-новичок
trp_arena_training_fighter_1_pl|Бойцы-новички
trp_arena_training_fighter_2|Боец-новичок
trp_arena_training_fighter_2_pl|Бойцы-новички
trp_arena_training_fighter_3|Опытный боец
trp_arena_training_fighter_3_pl|Опытные бойцы
trp_arena_training_fighter_4|Опытный боец
trp_arena_training_fighter_4_pl|Опытные бойцы
trp_arena_training_fighter_5|Опытный боец
trp_arena_training_fighter_5_pl|Опытные бойцы
trp_arena_training_fighter_6|Боец-ветеран
trp_arena_training_fighter_6_pl|Ветераны
trp_arena_training_fighter_7|Боец-ветеран
trp_arena_training_fighter_7_pl|Бойцы-ветераны
trp_arena_training_fighter_8|Боец-ветеран
trp_arena_training_fighter_8_pl|Бойцы-ветераны
trp_arena_training_fighter_9|Прославленный боец
trp_arena_training_fighter_9_pl|Прославленные бойцы
trp_arena_training_fighter_10|Прославленный боец
trp_arena_training_fighter_10_pl|Прославленные бойцы
trp_cattle|Скот
trp_cattle_pl|Скот
trp_farmer|Крестьянин
trp_farmer_pl|Крестьянине
trp_townsman|Горожанин
trp_townsman_pl|Горожане
trp_watchman|Дозорный
trp_watchman_pl|Дозорные
trp_woodmen_youth|Лесовик
trp_woodmen_youth_pl|Лесовики
trp_woodmen_forester|Смотритель леса
trp_woodmen_forester_pl|Смотрители леса
trp_woodmen_skilled_forester|Опытный смотритель леса
trp_woodmen_skilled_forester_pl|Опытные смотрители леса
trp_woodmen_axemen|Лесовик с топором
trp_woodmen_axemen_pl|Лесовики с топорами
trp_woodmen_master_axemen|Искусный лесовик с топором
trp_woodmen_master_axemen_pl|Искусные лесовики с топорами
trp_woodmen_tracker|Лесной следопыт
trp_woodmen_tracker_pl|Лесные следопыты
trp_woodmen_scout|Лесной разведчик
trp_woodmen_scout_pl|Лесные разведчики
trp_woodmen_archer|Лесной лучник
trp_woodmen_archer_pl|Лесные лучники
trp_fell_huntsmen_of_mirkwood|Искусный охотник Темнолесья
trp_fell_huntsmen_of_mirkwood_pl|Искусные охотники Темнолесья
trp_beorning_vale_man|Беорнинг
trp_beorning_vale_man_pl|Беорнинги
trp_beorning_warrior|Беорнингский воин
trp_beorning_warrior_pl|Беорнингские воины
trp_beorning_tolltacker|Беорнингский сборщик пошлин
trp_beorning_tolltacker_pl|Беорнингские сборщики пошлин
trp_beorning_sentinel|Беорнингский страж
trp_beorning_sentinel_pl|Беорнингские стражи
trp_beorning_warden_of_the_ford|Беорнингский хранитель Брода
trp_beorning_warden_of_the_ford_pl|Беорнингские хранители Брода
trp_beorning_carrock_lookout|Беорнингский дозорный Каррока
trp_beorning_carrock_lookout_pl|Беорнингские дозорные Каррока
trp_beorning_carrock_fighter|Беорнингский боец Каррока
trp_beorning_carrock_fighter_pl|Беорнингские бойцы Каррока
trp_beorning_carrock_berserker|Беорнингский берсерк Каррока
trp_beorning_carrock_berserker_pl|Беорнингские берсерки Каррока
trp_dale_militia|Дейльский ополченец
trp_dale_militia_pl|Дейльские ополченцы
trp_dale_man_at_arms|Дейльский латник
trp_dale_man_at_arms_pl|Дейльские латники
trp_laketown_scout|Приозёрный разведчик
trp_laketown_scout_pl|Приозёрные разведчики
trp_laketown_bowmen|Приозёрный стрелок
trp_laketown_bowmen_pl|Приозёрные стрелки
trp_laketown_archer|Приозёрный лучник
trp_laketown_archer_pl|Приозёрные лучники
trp_barding_bowmen_of_esgaroth|Эсгаротский стрелок Бардингов
trp_barding_bowmen_of_esgaroth_pl|Эсгаротские стрелки Бардингов
trp_dale_warrior|Дейльский воин
trp_dale_warrior_pl|Дейльские воины
trp_dale_veteran_warrior|Дейльский воин-ветеран
trp_dale_veteran_warrior_pl|Дейльские воины-ветераны
trp_dale_marchwarden|Хранитель границ Дейла
trp_dale_marchwarden_pl|Хранители границ Дейла
trp_dale_pikeman|Дейльский копейщик
trp_dale_pikeman_pl|Дейльские копейщики
trp_dale_billman|Дейльский воин с глефой
trp_dale_billman_pl|Дейльские воины с глефами
trp_dale_bill_master|Дейльский искусный воин с глефой
trp_dale_bill_master_pl|Дейльские искусные воины с глефами
trp_merchant_squire_or_dale|Купеческий оруженосец Дейла
trp_merchant_squire_or_dale_pl|Купеческие оруженосцы Дейла
trp_merchant_guard_of_dale|Купеческий страж Дейла
trp_merchant_guard_of_dale_pl|Купеческие стражи Дейла
trp_merchant_protector_of_dale|Купеческий защитник Дейла
trp_merchant_protector_of_dale_pl|Купеческие защитники Дейла
trp_girions_guard_of_dale|Дейльский гвардеец Гириона
trp_girions_guard_of_dale_pl|Дейльские гвардейцы Гириона
trp_rhun_tribesman|Рунийский дикарь
trp_rhun_tribesman_pl|Рунийские дикари
trp_rhun_horse_scout|Рунийский конный разведчик
trp_rhun_horse_scout_pl|Рунийские конные разведчики
trp_rhun_horse_archer|Рунийский конный лучник
trp_rhun_horse_archer_pl|Рунийские конные лучники
trp_rhun_veteran_horse_archer|Рунийский конный лучник-ветеран
trp_rhun_veteran_horse_archer_pl|Рунийские конные лучники-ветераны
trp_fell_balchoth_horse_archer|Балхотский конный лучник
trp_fell_balchoth_horse_archer_pl|Балхотские конные лучники
trp_rhun_swift_horseman|Рунийский быстрый всадник
trp_rhun_swift_horseman_pl|Рунийские быстрые всадники
trp_rhun_veteran_swift_horseman|Рунийский быстрый всадник-ветеран
trp_rhun_veteran_swift_horseman_pl|Рунийские быстрые всадники-ветераны
trp_falcon_horseman|Соколиный всадник
trp_falcon_horseman_pl|Соколиные всадники
trp_rhun_tribal_warrior|Воин рунийского племени
trp_rhun_tribal_warrior_pl|Воины рунийских племён
trp_rhun_tribal_infantry|Пеший воин рунийского племени
trp_rhun_tribal_infantry_pl|Пешие воины рунийиских племён
trp_rhun_vet_infantry|Рунийский пеший воин-ветеран
trp_rhun_vet_infantry_pl|Рунийские пешие воины-ветераны
trp_infantry_of_the_ox|Воловий воин
trp_infantry_of_the_ox_pl|Воловьи воины
trp_rhun_light_horseman|Рунийский лёгкий всадник
trp_rhun_light_horseman_pl|Рунийские лёгкие всадники
trp_rhun_light_cavalry|Рунийский лёгкий конник
trp_rhun_light_cavalry_pl|Рунийские лёгкие конники
trp_rhun_noble_cavalry|Рунийский знатный конник
trp_rhun_noble_cavalry_pl|Рунийские знатные конники
trp_rhun_heavy_noble_cavalry|Рунийский тяжёлый знатный конник
trp_rhun_heavy_noble_cavalry_pl|Рунийский тяжёлые знатные конники
trp_dorwinion_noble_of_rhun|Знатный воин Дорвиниона
trp_dorwinion_noble_of_rhun_pl|Знатные воины Дорвиниона
trp_dwarven_apprentice|Гном-новобранец
trp_dwarven_apprentice_pl|Гномы-новобранцы
trp_dwarven_warrior|Воин гномов
trp_dwarven_warrior_pl|Воины гномов
trp_dwarven_hardened_warrior|Закалённый воин гномов
trp_dwarven_hardened_warrior_pl|Закалённые воины гномов
trp_dwarven_spearman|Гном с копьём
trp_dwarven_spearman_pl|Гномы с копьями
trp_dwarven_pikeman|Гном с пикой
trp_dwarven_pikeman_pl|Гномы с пиками
trp_dwarven_halberdier|Гном с длинной пикой
trp_dwarven_halberdier_pl|Гномы с длинными пиками
trp_dwarven_axeman|Гном с топором
trp_dwarven_axeman_pl|Гномы с топорами
trp_dwarven_expert_axeman|Опытный гном с топором
trp_dwarven_expert_axeman_pl|Опытные гномы с топорами
trp_longbeard_axeman|Длиннобородый гном с топором
trp_longbeard_axeman_pl|Длиннобородые гномы с топорами
trp_dwarven_lookout|Гном-дозорный
trp_dwarven_lookout_pl|Гномы-дозорные
trp_dwarven_scout|Гном-разведчик
trp_dwarven_scout_pl|Гномы-разведчики
trp_dwarven_bowman|Гном-стрелок
trp_dwarven_bowman_pl|Гномы-стрелки
trp_dwarven_archer|Гном-лучник
trp_dwarven_archer_pl|Гномы-лучники
trp_marksman_of_ravenhill|Стрелок с Вороньего холма
trp_marksman_of_ravenhill_pl|Стрелки с Вороньего холма
trp_iron_hills_miner|Рудокоп с Железных холмов
trp_iron_hills_miner_pl|Рудокопы с Железных холмов
trp_iron_hills_infantry|Пехотинец с Железных холмов
trp_iron_hills_infantry_pl|Пехотинцы с Железных холмов
trp_iron_hills_battle_infantry|Гном-воитель с Железных холмов
trp_iron_hills_battle_infantry_pl|Гномы-воители с Железных холмов
trp_grors_guard|Воин гвардии Грора
trp_grors_guard_pl|Воины гвардии Грора
trp_gondor_commoner|Гондорский новобранец
trp_gondor_commoner_pl|Гондорские новобранцы
trp_gondor_militiamen|Гондорский стражник
trp_gondor_militiamen_pl|Гондорские стражники
trp_footmen_of_gondor|Пехотинец Гондора
trp_footmen_of_gondor_pl|Пехотинцы Гондора
trp_gondor_spearmen|Копейщик Гондора
trp_gondor_spearmen_pl|Копейщики Гондора
trp_gondor_veteran_spearmen|Копейщик-ветеран Гондора
trp_gondor_veteran_spearmen_pl|Копейщики-ветераны Гондора
trp_guard_of_the_fountain_court|Страж Фонтана
trp_guard_of_the_fountain_court_pl|Стражи Фонтана
trp_gondor_swordsmen|Мечник Гондора
trp_gondor_swordsmen_pl|Мечники Гондора
trp_gondor_veteran_swordsmen|Мечник-ветеран Гондора
trp_gondor_veteran_swordsmen_pl|Мечники-ветераны Гондора
trp_swordsmen_of_the_tower_guard|Мечник Стражи Цитадели
trp_swordsmen_of_the_tower_guard_pl|Мечники Стражи Цитадели
trp_gondor_noblemen|Знатный гондорец
trp_gondor_noblemen_pl|Знатные гондорцы
trp_squire_of_gondor|Оруженосец Гондора
trp_squire_of_gondor_pl|Оруженосцы Гондора
trp_veteran_squire_of_gondor|Оруженосец-ветеран Гондора
trp_veteran_squire_of_gondor_pl|Оруженосцы-ветераны Гондора
trp_knight_of_gondor|Рыцарь Гондора
trp_knight_of_gondor_pl|Рыцари Гондора
trp_veteran_knight_of_gondor|Рыцарь-ветеран Гондора
trp_veteran_knight_of_gondor_pl|Рыцари-ветераны Гондора
trp_knight_of_the_citadel|Рыцарь Цитадели
trp_knight_of_the_citadel_pl|Рыцари Цитадели
trp_bowmen_of_gondor|Стрелок Гондора
trp_bowmen_of_gondor_pl|Стрелки Гондора
trp_archer_of_gondor|Лучник Гондора
trp_archer_of_gondor_pl|Лучники Гондора
trp_veteran_archer_of_gondor|Лучник-ветеран Гондора
trp_veteran_archer_of_gondor_pl|Лучники-ветераны Гондора
trp_archer_of_the_tower_guard|Лучник Стражи Цитадели
trp_archer_of_the_tower_guard_pl|Лучники Стражи Цитадели
trp_steward_guard|Гвардеец Наместника
trp_steward_guard_pl|Гвардейцы Наместника
trp_ranger_of_ithilien|Рейнджер Итилиэна
trp_ranger_of_ithilien_pl|Рейнджеры Итилиэна
trp_veteran_ranger_of_ithilien|Рейнджер-ветеран Итилиэна
trp_veteran_ranger_of_ithilien_pl|Рейнджеры-ветераны Итилиэна
trp_master_ranger_of_ithilien|Искусный рейнджер Итилиэна
trp_master_ranger_of_ithilien_pl|Искусные рейнджеры Итилиэна
trp_ithilien_leader|Командир отряда итилиэнских рейнджеров
trp_ithilien_leader_pl|Командиры отрядов итилиэнских рейнджеров
trp_woodsman_of_lossarnach|Лоссарнахский лесоруб
trp_woodsman_of_lossarnach_pl|Лоссарнахские лесорубы
trp_axeman_of_lossarnach|Лоссарнахский воин с топором
trp_axeman_of_lossarnach_pl|Лоссарнахские воины с топорами
trp_vet_axeman_of_lossarnach|Лоссарнахский опытный воин с топором
trp_vet_axeman_of_lossarnach_pl|Лоссарнахские опытные воины с топорами
trp_heavy_lossarnach_axeman|Тяжёлый лоссарнахский воин с топором
trp_heavy_lossarnach_axeman_pl|Тяжёлые лоссарнахские воины с топорами
trp_axemaster_of_lossarnach|Лоссарнахский искусный воин с топором
trp_axemaster_of_lossarnach_pl|Лоссарнахские искусные воины с топорами
trp_lossarnach_leader|Командир лоссарнахского отряда
trp_lossarnach_leader_pl|Командиры лоссарнахских отряда
trp_pelargir_watchman|Пеларгирский стражник
trp_pelargir_watchman_pl|Пеларгирские стражники
trp_pelargir_marine|Пеларгирский моряк
trp_pelargir_marine_pl|Пеларгирские моряки
trp_pelargir_vet_marine|Пеларгирский опытный моряк
trp_pelargir_vet_marine_pl|Пеларгирские опытные моряки
trp_pelargir_infantry|Пеларгирский пехотинец
trp_pelargir_infantry_pl|Пеларгирские пехотинцы
trp_pelargir_vet_infantry|Пеларгирский опытный пехотинец
trp_pelargir_vet_infantry_pl|Пеларгирские опытные пехотинцы
trp_pelargir_leader|Командир пеларгирского отряда
trp_pelargir_leader_pl|Командиры пеларгирских отрядов
trp_pelargir_marine_leader|Командир отряда пеларгирских моряков
trp_pelargir_marine_leader_pl|Командиры отрядов пеларгирских моряков
trp_clansman_of_lamedon|Воин ламедонского клана
trp_clansman_of_lamedon_pl|Воины ламедонских кланов
trp_footman_of_lamedon|Пехотинец Ламедона
trp_footman_of_lamedon_pl|Пехотинцы Ламедона
trp_veteran_of_lamedon|Опытный воин Ламедона
trp_veteran_of_lamedon_pl|Опытные воины Ламедона
trp_warrior_of_lamedon|Воин Ламедона
trp_warrior_of_lamedon_pl|Воины Ламедона
trp_champion_of_lamedon|Прославленный воин Ламедона
trp_champion_of_lamedon_pl|Прославленные воины Ламедона
trp_knight_of_lamedon|Рыцарь Ламедона
trp_knight_of_lamedon_pl|Рыцари Ламедона
trp_lamedon_leader|Командир ламедонского отряда
trp_lamedon_leader_pl|Командиры ламедонских отрядов
trp_pinnath_gelin_plainsman|Житель равнин Пиннат-Гелина
trp_pinnath_gelin_plainsman_pl|Жители равнин Пиннат-Гелина
trp_pinnath_gelin_spearman|Копейщик Пиннат-Гелина
trp_pinnath_gelin_spearman_pl|Копейщики Пиннат-Гелина
trp_warrior_of_pinnath_gelin|Воин Пиннат-Гелина
trp_warrior_of_pinnath_gelin_pl|Воины Пиннат-Гелина
trp_pinnath_gelin_bowman|Стрелок Пиннат-Гелина
trp_pinnath_gelin_bowman_pl|Стрелки Пиннат-Гелина
trp_pinnath_gelin_archer|Лучник Пиннат-Гелина
trp_pinnath_gelin_archer_pl|Лучники Пиннат-Гелина
trp_pinnath_leader|Командир пиннат-гелинского отряда
trp_pinnath_leader_pl|Командиры пиннат-гелинских отрядов
trp_blackroot_vale_archer|Охотник из долины Чернокорня
trp_blackroot_vale_archer_pl|Охотники из долины Чернокорня
trp_veteran_blackroot_vale_archer|Стрелок из долины Чернокорня
trp_veteran_blackroot_vale_archer_pl|Стрелки из долины Чернокорня
trp_master_blackroot_vale_archer|Лучник из долины Чернокорня
trp_master_blackroot_vale_archer_pl|Лучники из долины Чернокорня
trp_footman_of_blackroot_vale|Пехотинец из долины Чернокорня
trp_footman_of_blackroot_vale_pl|Пехотинцы из долины Чернокорня
trp_spearman_of_blackroot_vale|Копейщик из долины Чернокорня
trp_spearman_of_blackroot_vale_pl|Копейщики из долины Чернокорня
trp_blackroot_leader|Командир мортондского отряда
trp_blackroot_leader_pl|Командиры мортондоских отрядов
trp_dol_amroth_youth|Дол-амротский новобранец
trp_dol_amroth_youth_pl|Дол-амротские новобранцы
trp_squire_of_dol_amroth|Оруженосец Дол-Амрота
trp_squire_of_dol_amroth_pl|Оруженосцы Дол-Амрота
trp_veteran_squire_of_dol_amroth|Опытный оруженосец Дол-Амрота
trp_veteran_squire_of_dol_amroth_pl|Опытные оруженосцы Дол-Амрота
trp_knight_of_dol_amroth|Рыцарь Дол-Амрота
trp_knight_of_dol_amroth_pl|Рыцари Дол-Амрота
trp_veteran_knight_of_dol_amroth|Опытный рыцарь Дол-Амрота
trp_veteran_knight_of_dol_amroth_pl|Опытный рыцари Дол-Амрота
trp_swan_knight_of_dol_amroth|Лебединый рыцарь Дол-Амрота
trp_swan_knight_of_dol_amroth_pl|Лебединые рыцари Дол-Амрота
trp_dol_amroth_leader|Командир дол-амротского отряда
trp_dol_amroth_leader_pl|Командиры дол-амротских отрядов
trp_lothlorien_scout|Лориэнский разведчик
trp_lothlorien_scout_pl|Лориэнские разведчики
trp_lothlorien_veteran_scout|Лориэнский опытный разведчик
trp_lothlorien_veteran_scout_pl|Лориэнские опытные разведчики
trp_lothlorien_archer|Лориэнский лучник
trp_lothlorien_archer_pl|Лориэнские лучники
trp_lothlorien_veteran_archer|Лориэнский опытный лучник
trp_lothlorien_veteran_archer_pl|Лориэнские опытные лучники
trp_lothlorien_master_archer|Лориэнский искусный лучник
trp_lothlorien_master_archer_pl|Лориэнские искусные лучники
trp_galadhrim_royal_archer|Королевский лучник галадрим
trp_galadhrim_royal_archer_pl|Королевские лучники галадрим
trp_galadhrim_royal_marksman|Меткий стрелок галадрим
trp_galadhrim_royal_marksman_pl|Меткие стрелки галадрим
trp_noldorin_mounted_archer|Нолдорский конный лучник
trp_noldorin_mounted_archer_pl|Нолдорские конные лучники
trp_lothlorien_infantry|Лориэнский пеший воин
trp_lothlorien_infantry_pl|Лориэнские пешие воины
trp_lothlorien_veteran_infantry|Лориэнский опытный пеший воин
trp_lothlorien_veteran_infantry_pl|Лориэнские опытные пешие воины
trp_lothlorien_elite_infantry|Лориэнский отборный пеший воин
trp_lothlorien_elite_infantry_pl|Лориэнские отборные пешие воины
trp_galadhrim_royal_swordsman|Королевский мечник галадрим
trp_galadhrim_royal_swordsman_pl|Королевские мечники галадрим
trp_lothlorien_warden|Лориэнский страж
trp_lothlorien_warden_pl|Лориэнские стражи
trp_lothlorien_veteran_warden|Лориэнский опытный страж
trp_lothlorien_veteran_warden_pl|Лориэнские опытные стражи
trp_galadhrim_royal_warden|Королевский страж галадрим
trp_galadhrim_royal_warden_pl|Королевские стражи галадрим
trp_lothlorien_standard_bearer|Лориэнский знаменосец
trp_lothlorien_standard_bearer_pl|Лориэнские знаменосцы
trp_greenwood_scout|Разведчик Темнолесья
trp_greenwood_scout_pl|Разведчики Темнолесья
trp_greenwood_veteran_scout|Опытный разведчик Темнолесья
trp_greenwood_veteran_scout_pl|Опытные разведчики Темнолесья
trp_greenwood_archer|Стрелок Темнолесья
trp_greenwood_archer_pl|Стрелки Темнолесья
trp_greenwood_veteran_archer|Лучник Темнолесья
trp_greenwood_veteran_archer_pl|Лучники Темнолесья
trp_greenwood_master_archer|Опытный лучник Темнолесья
trp_greenwood_master_archer_pl|Опытные лучники Темнолесья
trp_thranduils_royal_marksman|Меткий стрелок Трандуиля
trp_thranduils_royal_marksman_pl|Меткие стрелки Трандуиля
trp_greenwood_sentinel|Страж Темнолесья
trp_greenwood_sentinel_pl|Стражи Темнолесья
trp_greenwood_vet_sentinel|Опытный страж Темнолесья
trp_greenwood_vet_sentinel_pl|Опытные стражи Темнолесья
trp_mirkwood_guardsman|Отборный воин Темнолесья
trp_mirkwood_guardsman_pl|Отборные воины Темнолесья
trp_greenwood_spearman|Пехотинец Темнолесья
trp_greenwood_spearman_pl|Пехотинцы Темнолесья
trp_greenwood_veteran_spearman|Опытный пехотинец Темнолесья
trp_greenwood_veteran_spearman_pl|Опытные пехотинцы Темнолесья
trp_greenwood_royal_spearman|Отборный пехотинец Темнолесья
trp_greenwood_royal_spearman_pl|Отборные пехотинцы Темнолесья
trp_thranduils_royal_swordsman|Королевский мечник Трандуиля
trp_thranduils_royal_swordsman_pl|Королевские мечники Трандуиля
trp_thranduils_spearman|Королевский копейщик Трандуиля
trp_thranduils_spearman_pl|Королевские копейщики Трандуиля
trp_greenwood_standard_bearer|Знаменосец Темнолесья
trp_greenwood_standard_bearer_pl|Знаменосцы Темнолесья
trp_rivendell_scout|Ривендельский разведчик
trp_rivendell_scout_pl|Ривендельские разведчики
trp_rivendell_veteran_scout|Ривендельский опытный разведчик
trp_rivendell_veteran_scout_pl|Ривендельские опытные разведчики
trp_rivendell_sentinel|Ривендельский страж
trp_rivendell_sentinel_pl|Ривендельские стражи
trp_rivendell_veteran_sentinel|Ривендельский опытный страж
trp_rivendell_veteran_sentinel_pl|Ривендельские опытные стражи
trp_rivendell_elite_sentinel|Ривендельский отборный страж
trp_rivendell_elite_sentinel_pl|Ривендельские отборные стражи
trp_rivendell_guardian|Ривендельский стражник
trp_rivendell_guardian_pl|Ривендельские стражники
trp_rivendell_infantry|Ривендельский пехотинец
trp_rivendell_infantry_pl|Ривендельские пехотинцы
trp_rivendell_veteran_infantry|Ривендельский опытный пехотинец
trp_rivendell_veteran_infantry_pl|Ривендельские опытные пехотинцы
trp_rivendell_elite_infantry|Ривендельский отборный пехотинец
trp_rivendell_elite_infantry_pl|Ривендельские отборные пехотинцы
trp_rivendell_royal_infantry|Ривендельский королевский пехотинец
trp_rivendell_royal_infantry_pl|Ривендельские королевские пехотинцы
trp_rivendell_cavalry|Ривендельский конник
trp_rivendell_cavalry_pl|Ривендельские конники
trp_knight_of_rivendell|Рыцарь Ривенделла
trp_knight_of_rivendell_pl|Рыцари Ривенделла
trp_rivendell_standard_bearer|Ривендельский знаменосец
trp_rivendell_standard_bearer_pl|Ривендельские знаменосцы
trp_dunedain_scout|Разведчик дунедайн
trp_dunedain_scout_pl|Разведчики дунедайн
trp_dunedain_trained_scout|Следопыт дунедайн
trp_dunedain_trained_scout_pl|Следопыты дунедайн
trp_arnor_man_at_arms|Арнорский латник
trp_arnor_man_at_arms_pl|Арнорские латники
trp_arnor_master_at_arms|Искусный арнорский латник
trp_arnor_master_at_arms_pl|Искусные арнорские латники
trp_high_swordsman_of_arnor|Отборный мечник Арнора
trp_high_swordsman_of_arnor_pl|Отборные мечники Арнора
trp_arnor_horsemen|Арнорский всадник
trp_arnor_horsemen_pl|Арнорские всадники
trp_knight_of_arnor|Рыцарь Арнора
trp_knight_of_arnor_pl|Рыцари Арнора
trp_dunedain_ranger|Рейнджер дунедайн
trp_dunedain_ranger_pl|Рейнджеры дунедайн
trp_dunedain_veteran_ranger|Опытный рейнджер дунедайн
trp_dunedain_veteran_ranger_pl|Опытные рейнджеры дунедайн
trp_dunedain_master_ranger|Искусный рейнджер дунедайн
trp_dunedain_master_ranger_pl|Искусные рейнджеры дунедайн
trp_rohan_youth|Роханский молодой воин
trp_rohan_youth_pl|Роханские молодые воины
trp_guardsman_of_rohan|Роханский стражник
trp_guardsman_of_rohan_pl|Роханские стражники
trp_footman_of_rohan|Пехотинец Рохана
trp_footman_of_rohan_pl|Пехотинцы Рохана
trp_veteran_footman_of_rohan|Опытный пехотинец Рохана
trp_veteran_footman_of_rohan_pl|Опытные пехотинцы Рохана
trp_elite_footman_of_rohan|Отборный пехотинец Рохана
trp_elite_footman_of_rohan_pl|Отборные пехотинцы Рохана
trp_folcwine_guard_of_rohan|Роханский воин гвардии Фольквине
trp_folcwine_guard_of_rohan_pl|Роханские воины гвардии Фольквине
trp_raider_of_rohan|Налётчик Фреалафа
trp_raider_of_rohan_pl|Налётчики Фреалафа
trp_heavy_swordsman_of_rohan|Тяжёлый мечник Рохана
trp_heavy_swordsman_of_rohan_pl|Тяжёлые мечники Рохана
trp_warden_of_methuseld|Страж Медусельда
trp_warden_of_methuseld_pl|Стражи Медусельда
trp_skirmisher_of_rohan|Застрельщик Рохана
trp_skirmisher_of_rohan_pl|Застрельщики Рохана
trp_veteran_skirmisher_of_rohan|Опытный застрельщик Рохана
trp_veteran_skirmisher_of_rohan_pl|Опытные застрельщики Рохана
trp_elite_skirmisher_of_rohan|Отборный застрельщик Рохана
trp_elite_skirmisher_of_rohan_pl|Отборные застрельщики Рохана
trp_thengel_guard_of_rohan|Роханский воин гвардии Тенгела
trp_thengel_guard_of_rohan_pl|Роханские воины гвардии Тенгела
trp_lancer_of_rohan|Конный копейщик Рохана
trp_lancer_of_rohan_pl|Конные копейщики Рохана
trp_elite_lancer_of_rohan|Отборный конный копейщик Рохана
trp_elite_lancer_of_rohan_pl|Отборные конные копейщики Рохана
trp_brego_guard_of_rohan|Роханский воин гвардии Брего
trp_brego_guard_of_rohan_pl|Роханские воины гвардии Брего
trp_king_s_man_of_rohan|Королевский страж
trp_king_s_man_of_rohan_pl|Королевские стражи
trp_squire_of_rohan|Оруженосец Рохана
trp_squire_of_rohan_pl|Оруженосцы Рохана
trp_rider_of_rohan|Всадник Рохана
trp_rider_of_rohan_pl|Всадники Рохана
trp_veteran_rider_of_rohan|Опытный всадник Рохана
trp_veteran_rider_of_rohan_pl|Опытные всадники Рохана
trp_elite_rider_of_rohan|Отборный всадник Рохана
trp_elite_rider_of_rohan_pl|Отборные всадники Рохана
trp_eorl_guard_of_rohan|Роханский воин гвардии Эорла
trp_eorl_guard_of_rohan_pl|Роханские воины гвардии Эорла
trp_dismounted_skirmisher_of_rohan|Застрельщик Рохана
trp_dismounted_skirmisher_of_rohan_pl|Застрельщики Рохана
trp_dismounted_veteran_skirmisher_of_rohan|Опытный застрельщик Рохана
trp_dismounted_veteran_skirmisher_of_rohan_pl|Опытные застрельщики Рохана
trp_dismounted_elite_skirmisher_of_rohan|Отборный застрельщик Рохана
trp_dismounted_elite_skirmisher_of_rohan_pl|Отборные застрельщики Рохана
trp_dismounted_thengel_guard_of_rohan|Роханский воин гвардии Тенгела
trp_dismounted_thengel_guard_of_rohan_pl|Роханские воины гвардии Тенгела
trp_harad_desert_warrior|Харадский новобранец
trp_harad_desert_warrior_pl|Харадские новобранцы
trp_harad_infantry|Харадский лёгкий пехотинец
trp_harad_infantry_pl|Харадские лёгкие пехотинцы
trp_harad_veteran_infantry|Харадский копейщик
trp_harad_veteran_infantry_pl|Харадские копейщики
trp_harad_tiger_guard|Воин тигриной гвардии
trp_harad_tiger_guard_pl|Воины тигриной гвардии
trp_harad_swordsman|Харадский мечник
trp_harad_swordsman_pl|Харадские мечники
trp_harad_lion_guard|Воин львиной гвардии
trp_harad_lion_guard_pl|Воины львиной гвардии
trp_harad_skirmisher|Харадский застрельщик
trp_harad_skirmisher_pl|Харадские застрельщики
trp_harad_archer|Харадский лучник
trp_harad_archer_pl|Харадские лучники
trp_harad_eagle_guard|Воин орлиной гвардии
trp_harad_eagle_guard_pl|Воины орлиной гвардии
trp_harondor_scout|Харондорский разведчик
trp_harondor_scout_pl|Харондорские разведчики
trp_harondor_rider|Харондорский всадник
trp_harondor_rider_pl|Харондорские всадники
trp_harondor_light_cavalry|Харондорский лёгкий конник
trp_harondor_light_cavalry_pl|Харондорские лёгкие конники
trp_fang_heavy_cavalry|Тяжёлый змеиный конник
trp_fang_heavy_cavalry_pl|Тяжёлые змеиные конники
trp_harad_horse_archer|Харадский конный лучник
trp_harad_horse_archer_pl|Харадские конные лучники
trp_black_snake_horse_archer|Конный лучник Чёрной змеи
trp_black_snake_horse_archer_pl|Конные лучники Чёрной змеи
trp_gold_serpent_horse_archer|Конный лучник Золотой змеи
trp_gold_serpent_horse_archer_pl|Конные лучники Золотой змеи
trp_far_harad_tribesman|Дальнехарадский воин племени
trp_far_harad_tribesman_pl|Дальнехарадские воины племени
trp_far_harad_champion|Дальнехарадский прославленный воин
trp_far_harad_champion_pl|Дальнехарадские прославленные воины
trp_far_harad_panther_guard|Воин гвардии пантеры
trp_far_harad_panther_guard_pl|Воины гвардии пантеры
trp_dunnish_wildman|Дунландский дикарь
trp_dunnish_wildman_pl|Дунландские дикари
trp_dunnish_warrior|Дунландский воин
trp_dunnish_warrior_pl|Дунландские воины
trp_dunnish_pikeman|Дунландский пикинёр
trp_dunnish_pikeman_pl|Дунландские пикинёры
trp_dunnish_veteran_pikeman|Дунландский опытный пикинёр
trp_dunnish_veteran_pikeman_pl|Дунландские опытные пикинёры
trp_dunnish_raven_rider|Дунландский вороний всадник
trp_dunnish_raven_rider_pl|Дунландские вороньи всадники
trp_dunnish_vet_warrior|Дунландский воин-ветеран
trp_dunnish_vet_warrior_pl|Дунландские воины-ветераны
trp_dunnish_wolf_warrior|Дунландский волчий воин
trp_dunnish_wolf_warrior_pl|Дунландские волчьи воины
trp_dunnish_wolf_guard|Дунландский волчий страж
trp_dunnish_wolf_guard_pl|Дунландские волчьи стражи
trp_dunnish_chieftan|Дунландский вождь
trp_dunnish_chieftan_pl|Дунландские вожди
trp_easterling_youth|Варьягский раб
trp_easterling_youth_pl|Варьягские рабы
trp_easterling_warrior|Воин Ханда
trp_easterling_warrior_pl|Воины Ханда
trp_easterling_axeman|Варьягский воин с топором
trp_easterling_axeman_pl|Варьягские воины с топорами
trp_easterling_veteran_axeman|Варьягский опытный воин с топором
trp_easterling_veteran_axeman_pl|Варьягские опытные воины с топорами
trp_easterling_axe_master|Варьягский искусный воин с топором
trp_easterling_axe_master_pl|Варьягские искусные воины с топорами
trp_easterling_rider|Варьягский всадник на пони
trp_easterling_rider_pl|Варьягские всадники на пони
trp_easterling_horseman|Варьягский всадник
trp_easterling_horseman_pl|Варьягские всадники
trp_easterling_veteran_horseman|Тяжёлый варьягский всадник
trp_easterling_veteran_horseman_pl|Тяжёлые варьягские всадники
trp_easterling_horsemaster|Варьягский катафракт
trp_easterling_horsemaster_pl|Варьягские катафракты
trp_easterling_lance_kataphract|Варьягский катафракт с копьём
trp_easterling_lance_kataphract_pl|Варьягские катафракты с копьями
trp_khand_glaive_whirler|Хандский танцор с клинками
trp_khand_glaive_whirler_pl|Хандские танцоры с клинками
trp_variag_veteran_glaive_whirler|Опытный хандский танцор с клинками
trp_variag_veteran_glaive_whirler_pl|Опытные хандские танцоры с клинками
trp_khand_glaive_master|Хандский воин с алебардой
trp_khand_glaive_master_pl|Хандские воины с алебардами
trp_variag_pitfighter|Варьягский поединщик
trp_variag_pitfighter_pl|Варьягские поединщики
trp_variag_gladiator|Варьягский берсерк
trp_variag_gladiator_pl|Варьягские берсерки
trp_easterling_skirmisher|Варьягский застрельщик
trp_easterling_skirmisher_pl|Варьягские застрельщики
trp_easterling_veteran_skirmisher|Опытный варьягский застрельщик
trp_easterling_veteran_skirmisher_pl|Опытные варьягские застрельщики
trp_easterling_elite_skirmisher|Тяжёлый варьягский застрельщик
trp_easterling_elite_skirmisher_pl|Тяжёлые варьягские застрельщики
trp_corsair_youth|Умбарский моряк
trp_corsair_youth_pl|Умбарские моряки
trp_corsair_warrior|Умбарский воин
trp_corsair_warrior_pl|Умбарские воины
trp_corsair_pikeman|Умбарский пикинёр
trp_corsair_pikeman_pl|Умбарские пикинёры
trp_corsair_veteran_raider|Опытный корсар-налётчик
trp_corsair_veteran_raider_pl|Опытные корсары-налётчики
trp_corsair_night_raider|Корсарский ночной налётчик
trp_corsair_night_raider_pl|Корсарские ночные налётчики
trp_militia_of_umbar|Умбарский ополченец
trp_militia_of_umbar_pl|Умбарские ополченцы
trp_marksman_of_umbar|Застрельщик Умбара
trp_marksman_of_umbar_pl|Застрельщики Умбара
trp_veteran_marksman_of_umbar|Опытный застрельщик Умбара
trp_veteran_marksman_of_umbar_pl|Опытный застрельщики Умбара
trp_master_marksman_of_umbar|Искусный корсар-застрельщик
trp_master_marksman_of_umbar_pl|Искусные корсары-застрельщики
trp_corsair_marauder|Мечник Умбара
trp_corsair_marauder_pl|Мечники Умбара
trp_corsair_veteran_marauder|Опытный мечник Умбара
trp_corsair_veteran_marauder_pl|Опытные мечники Умбара
trp_corsair_elite_marauder|Искусный корсар-мечник
trp_corsair_elite_marauder_pl|Искусные корсары-мечники
trp_assassin_of_umbar|Умбарский убийца
trp_assassin_of_umbar_pl|Умбарские убийцы
trp_master_assassin_of_umbar|Корсар-убийца
trp_master_assassin_of_umbar_pl|Корсары-убийцы
trp_pikeman_of_umbar|Пикинёр Умбара
trp_pikeman_of_umbar_pl|Пикинёры Умбара
trp_veteran_pikeman_of_umbar|Опытный пикинёр Умбара
trp_veteran_pikeman_of_umbar_pl|Опытные пикинёры Умбара
trp_pike_master_of_umbar|Искусный умбарский пикинёр
trp_pike_master_of_umbar_pl|Искусные умбарские пикинёры
trp_orc_snaga_of_isengard|Орк-снага Изенгарда
trp_orc_snaga_of_isengard_pl|Орки-снаги Изенгарда
trp_orc_of_isengard|Орк Изенгарда
trp_orc_of_isengard_pl|Орки Изенгарда
trp_large_orc_of_isengard|Крупный орк Изенгарда
trp_large_orc_of_isengard_pl|Крупные орки Изенгарда
trp_fell_orc_of_isengard|Свирепый орк Изенгарда
trp_fell_orc_of_isengard_pl|Свирепые орки Изенгарда
trp_large_orc_despoiler|Крупный орк-мародёр
trp_large_orc_despoiler_pl|Крупные орки-мародёры
trp_fell_orc_despoiler|Свирепый орк-мародёр
trp_fell_orc_despoiler_pl|Свирепые орки-мародёры
trp_wolf_rider_of_isengard|Волчий всадник Изенгарда
trp_wolf_rider_of_isengard_pl|Волчьи всадники Изенгарда
trp_warg_rider_of_isengard|Изенгардский всадник на варге
trp_warg_rider_of_isengard_pl|Изенгардские всадники на варгах
trp_white_hand_rider|Всадник Белой Длани
trp_white_hand_rider_pl|Всадники Белой Длани
trp_warg_ghost_1b|Варг
trp_warg_ghost_1b_pl|Варги
trp_warg_ghost_1c|Варг
trp_warg_ghost_1c_pl|Варги
trp_warg_ghost_1d|Варг
trp_warg_ghost_1d_pl|Варги
trp_warg_ghost_a1b|Варг
trp_warg_ghost_a1b_pl|Варги
trp_warg_ghost_a1c|Варг в броне
trp_warg_ghost_a1c_pl|Варги в броне
trp_warg_ghost_a2b|Варг в броне
trp_warg_ghost_a2b_pl|Варги в броне
trp_warg_ghost_a2c|Варг в броне
trp_warg_ghost_a2c_pl|Варги в броне
trp_warg_ghost_a3a|Варг в броне
trp_warg_ghost_a3a_pl|Варги в броне
trp_warg_ghost_h|Крупный варг
trp_warg_ghost_h_pl|Крупные варги
trp_uruk_hai_tracker|Следопыт урук-хай
trp_uruk_hai_tracker_pl|Следопыты урук-хай
trp_large_uruk_hai_tracker|Крупный следопыт урук-хай
trp_large_uruk_hai_tracker_pl|Крупные следопыты урук-хай
trp_fighting_uruk_hai_tracker|Бойцовый следопыт урук-хай
trp_fighting_uruk_hai_tracker_pl|Бойцовые следопыты урук-хай
trp_fighting_uruk_hai_berserker|Бойцовый берсерк урук-хай
trp_fighting_uruk_hai_berserker_pl|Бойцовые берсерки урук-хай
trp_uruk_snaga_of_isengard|Новорожденный урук-хай
trp_uruk_snaga_of_isengard_pl|Новорожденные урук-хай
trp_uruk_hai_of_isengard|Урук-хай Изенгарда
trp_uruk_hai_of_isengard_pl|Урук-хай Изенгарда
trp_large_uruk_hai_of_isengard|Крупный урук-хай Изенгарда
trp_large_uruk_hai_of_isengard_pl|Крупные урук-хай Изенгарда
trp_fighting_uruk_hai_warrior|Бойцовый воин урук-хай
trp_fighting_uruk_hai_warrior_pl|Бойцовые воины урук-хай
trp_fighting_uruk_hai_champion|Непобедимый бойцовый урук-хай
trp_fighting_uruk_hai_champion_pl|Непобедимые бойцовые урук-хай
trp_uruk_hai_pikeman|Пикинёр урук-хай
trp_uruk_hai_pikeman_pl|Пикинёры урук-хай
trp_fighting_uruk_hai_pikeman|Бойцовый пикинёр урук-хай
trp_fighting_uruk_hai_pikeman_pl|Бойцовые пикинёры урук-хай
trp_urukhai_standard_bearer|Знаменосец урук-хай
trp_urukhai_standard_bearer_pl|Знаменосцы урук-хай
trp_uruk_snaga_of_mordor|Мордорский урук снага
trp_uruk_snaga_of_mordor_pl|Уруки-снаги Мордора
trp_uruk_of_mordor|Мордорский урук
trp_uruk_of_mordor_pl|Мордорские уруки
trp_large_uruk_of_mordor|Мордорский крупный урук
trp_large_uruk_of_mordor_pl|Мордорские крупные уруки
trp_fell_uruk_of_mordor|Мордорский урук-рубака
trp_fell_uruk_of_mordor_pl|Мордорские уруки-рубаки
trp_uruk_slayer_of_mordor|Мордорский урук-убийца
trp_uruk_slayer_of_mordor_pl|Мордорские уруки-убийцы
trp_fell_uruk_slayer_of_mordor|Смертоносный урук Мордора
trp_fell_uruk_slayer_of_mordor_pl|Смертоносные уруки Мордора
trp_black_uruk_of_barad_dur|Чёрный урук Барад-Дура
trp_black_uruk_of_barad_dur_pl|Чёрные уруки Барад-Дура
trp_uruk_mordor_standard_bearer|Мордорский знаменосец
trp_uruk_mordor_standard_bearer_pl|Мордорские знаменосцы
trp_troll_of_moria|Морийский тролль
trp_troll_of_moria_pl|Морийские тролли
trp_armoured_troll|Тролль в доспехах
trp_armoured_troll_pl|Тролли в доспехах
trp_olog_hai|Мордорский олог-хай
trp_olog_hai_pl|Мордорские олог-хай
trp_ent|Энт
trp_ent_pl|Энты
trp_orc_snaga_of_guldur|Орк-снага Дол-Гулдура
trp_orc_snaga_of_guldur_pl|Орки-снаги Дол-Гулдура
trp_orc_of_guldur|Орк Дол-Гулдура
trp_orc_of_guldur_pl|Орки Дол-Гулдура
trp_orc_snaga_of_mordor|Мордорский орк снага
trp_orc_snaga_of_mordor_pl|Орки-снаги Мордора
trp_orc_of_mordor|Мордорский орк
trp_orc_of_mordor_pl|Мордорские орки
trp_large_orc_of_mordor|Крупный мордорский орк
trp_large_orc_of_mordor_pl|Крупные мордорские орки
trp_fell_orc_of_mordor|Мордорский орк-рубака
trp_fell_orc_of_mordor_pl|Мордорские орки-рубаки
trp_warg_rider_of_gorgoroth|Волчий всадник Горгорота
trp_warg_rider_of_gorgoroth_pl|Волчьи всадники Горгорота
trp_great_warg_rider_of_mordor|Удунский всадник на варге
trp_great_warg_rider_of_mordor_pl|Удунские всадники на варгах
trp_morgul_orc|Моргульский орк
trp_morgul_orc_pl|Моргульские орки
trp_fell_morgul_orc|Свирепый моргульский орк
trp_fell_morgul_orc_pl|Свирепые моргульские орки
trp_orc_tracker_of_mordor|Мордорский орк-следопыт
trp_orc_tracker_of_mordor_pl|Мордорские орки-следопыты
trp_fell_orc_tracker_of_mordor|Свирепый орк-следопыт Мордора
trp_fell_orc_tracker_of_mordor_pl|Свирепые орки-следопыты Мордора
trp_orc_archer_of_mordor|Мордорский орк-лучник
trp_orc_archer_of_mordor_pl|Мордорские орки-лучники
trp_large_orc_archer_of_mordor|Крупный орк-лучник Мордора
trp_large_orc_archer_of_mordor_pl|Крупные орки-лучники Мордора
trp_fell_orc_archer_of_mordor|Свирепый орк-лучник Мордора
trp_fell_orc_archer_of_mordor_pl|Свирепые орки-лучники Мордора
trp_wolf_rider_of_moria|Волчий всадник Мории
trp_wolf_rider_of_moria_pl|Волчьи всадники Мории
trp_warg_rider_of_moria|Морийский всадник на варге
trp_warg_rider_of_moria_pl|Морийские всадники на варгах
trp_bolg_clan_rider|Всадник из клана Болга
trp_bolg_clan_rider_pl|Всадники из клана Болга
trp_snaga_of_moria|Снага Мории
trp_snaga_of_moria_pl|Снаги Мории
trp_goblin_of_moria|Гоблин Мории
trp_goblin_of_moria_pl|Гоблины Мории
trp_large_goblin_of_moria|Крупный гоблин Мории
trp_large_goblin_of_moria_pl|Крупные гоблины Мории
trp_fell_goblin_of_moria|Свирепый гоблин Мории
trp_fell_goblin_of_moria_pl|Свирепые гоблины Мории
trp_archer_snaga_of_moria|Лучник-снага Мории
trp_archer_snaga_of_moria_pl|Лучники-снаги Мории
trp_large_goblin_archer_of_moria|Крупный гоблин-лучник Мории
trp_large_goblin_archer_of_moria_pl|Крупные гоблины-лучники Мории
trp_fell_goblin_archer_of_moria|Свирепый гоблин-лучник Мории
trp_fell_goblin_archer_of_moria_pl|Свирепые гоблины-лучники Мории
trp_goblin_gundabad|Гундабадский гоблин
trp_goblin_gundabad_pl|Гундабадские гоблины
trp_orc_gundabad|Гундабадский орк
trp_orc_gundabad_pl|Гундабадские орки
trp_orc_fighter_gundabad|Гундабадский орк-боец
trp_orc_fighter_gundabad_pl|Гундабадские орки-бойцы
trp_fell_orc_warrior_gundabad|Гундабадский свирепый орк
trp_fell_orc_warrior_gundabad_pl|Гундабадские свирепые орки
trp_goblin_bowmen_gundabad|Гоблин-стрелок Севера
trp_goblin_bowmen_gundabad_pl|Гоблины-стрелки Севера
trp_keen_eyed_goblin_archer_gundabad|Меткий гоблин-лучник Севера
trp_keen_eyed_goblin_archer_gundabad_pl|Меткие гоблины-лучники Севера
trp_fell_goblin_archer_gundabad|Свирепый гоблин-лучник Севера
trp_fell_goblin_archer_gundabad_pl|Свирепые гоблины-лучники Севера
trp_goblin_rider_gundabad|Гундабадский гоблин-всадник
trp_goblin_rider_gundabad_pl|Гундабадские гоблины-всадники
trp_warg_rider_gundabad|Гундабадский волчий всадник
trp_warg_rider_gundabad_pl|Гундабадские волчьи всадники
trp_goblin_north_clan_rider|Гоблин-всадник из северного клана
trp_goblin_north_clan_rider_pl|Гоблины-всадники из северных кланов
trp_mountain_goblin|Горный гоблин
trp_mountain_goblin_pl|Горные гоблины
trp_tribal_orc|Дикий орк
trp_tribal_orc_pl|Дикие орки
trp_tribal_orc_warrior|Дикий орк-воин
trp_tribal_orc_warrior_pl|Дикие орки-воины
trp_tribal_orc_chief|Вождь диких орков
trp_tribal_orc_chief_pl|Вожди диких орков
trp_black_numenorean_renegade|Чёрный нуменорец
trp_black_numenorean_renegade_pl|Чёрные нуменорцы
trp_black_numenorean_warrior|Чёрный нуменорец-воин
trp_black_numenorean_warrior_pl|Чёрные нуменорцы-воины
trp_black_numenorean_veteran_warrior|Чёрный нуменорец-ветеран
trp_black_numenorean_veteran_warrior_pl|Чёрные нуменорцы-ветераны
trp_black_numenorean_champion|Непобедимый чёрный нуменорец
trp_black_numenorean_champion_pl|Непобедимые чёрные нуменорцы
trp_black_numenorean_assassin|Чёрный нуменорец-убийца
trp_black_numenorean_assassin_pl|Чёрные нуменорцы-убийцы
trp_black_numenorean_veteran_horseman|Чёрный нуменорец-всадник
trp_black_numenorean_veteran_horseman_pl|Чёрные нуменорцы-всадники
trp_black_numenorean_horsemaster|Отборный чёрный нуменорец-всадник
trp_black_numenorean_horsemaster_pl|Отборные чёрные нуменорцы-всадники
trp_noldorin_commander|Нолдорский командир
trp_noldorin_commander_pl|Нолдорские командиры
trp_elf_captain_of_lothlorien|Командир отряда Лотлориэна
trp_elf_captain_of_lothlorien_pl|Командиры отрядов Лотлориэна
trp_lothlorien_lieutenant|Лориэнский сотник
trp_lothlorien_lieutenant_pl|Лориэнские сотники
trp_elf_captain_of_mirkwood|Полководец Темнолесья
trp_elf_captain_of_mirkwood_pl|Полководцы Темнолесья
trp_mirkwood_lieutenant|Темнолесский сотник
trp_mirkwood_lieutenant_pl|Темнолесские сотники
trp_elf_captain_of_rivendell|Полководец Ривенделла
trp_elf_captain_of_rivendell_pl|Полководцы Ривенделла
trp_rivendell_lieutenant|Ривендельский сотник
trp_rivendell_lieutenant_pl|Ривендельские сотники
trp_lieutenant_of_rohan|Сотник Рохана
trp_lieutenant_of_rohan_pl|Сотники Рохана
trp_captain_of_rohan|Полководец Рохана
trp_captain_of_rohan_pl|Полководцы Рохана
trp_high_captain_of_rohan|Воевода Рохана
trp_high_captain_of_rohan_pl|Воеводы Рохана
trp_lieutenant_of_isengard|Сотник Изенгарда
trp_lieutenant_of_isengard_pl|Сотники Изенгарда
trp_captain_of_isengard|Полководец Изенгарда
trp_captain_of_isengard_pl|Полководцы Изенгарда
trp_high_captain_of_isengard|Воевода Изенгарда
trp_high_captain_of_isengard_pl|Воеводы Изенгарда
trp_lieutenant_of_mordor|Сотник Мордора
trp_lieutenant_of_mordor_pl|Сотники Мордора
trp_captain_of_mordor|Полководец Мордора
trp_captain_of_mordor_pl|Полководцы Мордора
trp_high_captain_of_mordor|Воевода Мордора
trp_high_captain_of_mordor_pl|Воеводы Мордора
trp_easterling_chieftain|Варьягский вождь
trp_easterling_chieftain_pl|Варьягские вожди
trp_easterling_lieutenant|Варьягский жрец войны
trp_easterling_lieutenant_pl|Варьягские жрецы войны
trp_harad_chieftain|Харадский вождь
trp_harad_chieftain_pl|Харадские вожди
trp_harad_lieutenant|Харадский сотник
trp_harad_lieutenant_pl|Харадские сотники
trp_black_numenorean_captain|Чёрный нуменорец-полководец
trp_black_numenorean_captain_pl|Чёрные нуменорцы-полководец
trp_black_numenorean_lieutenant|Чёрный нуменорец-сотник
trp_black_numenorean_lieutenant_pl|Чёрный нуменорецы-сотники
trp_dunnish_chieftain|Дунландский вождь
trp_dunnish_chieftain_pl|Дунландские вожди
trp_dunnish_lieutenant|Дунландский верховный вождь
trp_dunnish_lieutenant_pl|Дунландские верховные вожди
trp_goblin_chieftain|Гоблинский вождь
trp_goblin_chieftain_pl|Гоблинские вожди
trp_captain_of_gondor|Полководец Гондора
trp_captain_of_gondor_pl|Гондорские полководцы
trp_nobleman|Знатный человек
trp_nobleman_pl|Знатные люди
trp_gondor_agent|Гондорский шпион
trp_gondor_agent_pl|Гондорские шпионы
trp_rohan_agent|Роханский шпион
trp_rohan_agent_pl|Роханские шпионы
trp_mordor_agent|Мордорский шпион
trp_mordor_agent_pl|Мордорские шпионы
trp_isengard_agent|Изенгардский шпион
trp_isengard_agent_pl|Изенгардские шпионы
trp_looter|Грабитель
trp_looter_pl|Грабители
trp_bandit|Бандит
trp_bandit_pl|Бандиты
trp_brigand|Разбойник
trp_brigand_pl|Бандиты
trp_mountain_bandit|Горный разбойник
trp_mountain_bandit_pl|Горные разбойники
trp_forest_bandit|Лесной разбойник
trp_forest_bandit_pl|Лесные разбойники
trp_sea_raider|Морской налётчик
trp_sea_raider_pl|Морские налётчики
trp_steppe_bandit|Степной разбойник
trp_steppe_bandit_pl|Степные разбойники
trp_manhunter|Охотник за головами
trp_manhunter_pl|Охотники за головами
trp_kidnapped_girl|Похищенная девушка
trp_kidnapped_girl_pl|Похищенные девушки
trp_refugee|Беженец
trp_refugee_pl|Беженцы
trp_peasant_woman|Крестьянка
trp_peasant_woman_pl|Крестьянки
trp_caravan_master|Хозяин каравана
trp_caravan_master_pl|Хозяева караванов
trp_caravan_guard|Охрана каравана
trp_caravan_guard_pl|Охрана каравана
trp_messenger_man|Гонец
trp_messenger_man_pl|Гонцы
trp_messenger_elf|Гонец
trp_messenger_elf_pl|Гонцы
trp_messenger_dwarf|Гонец
trp_messenger_dwarf_pl|Гонцы
trp_messenger_orc|Гонец
trp_messenger_orc_pl|Гонцы
trp_messenger_evil_man|Гонец
trp_messenger_evil_man_pl|Гонцы
trp_town_walker_1|Горожанин
trp_town_walker_1_pl|Горожане
trp_town_walker_2|Горожанка
trp_town_walker_2_pl|Горожане
trp_village_walker_1|Крестьянин
trp_village_walker_1_pl|Крестьяне
trp_village_walker_2|Крестьянин
trp_village_walker_2_pl|Крестьяне
trp_spy_walker_1|Горожанин
trp_spy_walker_1_pl|Горожане
trp_spy_walker_2|Горожанка
trp_spy_walker_2_pl|Горожанки
trp_walker_man_gondor_black|Горожанин
trp_walker_man_gondor_white|Горожанин
trp_walker_man_gondor_blue|Горожанин
trp_walker_man_gondor_green|Горожанин
trp_walker_man_rohan_t|Роханский горожанин
trp_walker_man_rohan_d|Роханский горожанин
trp_walker_woman_rohan_t|Роханская девушка
trp_walker_woman_rohan_d|Роханская девушка
trp_walker_woman_gondor_b|Гондорская женщина
trp_walker_woman_gondor_bw|Гондорская женщина
trp_walker_woman_gondor_w|Знатный гондорец
trp_ramun_the_slave_trader|Рамун-работорговец
trp_guide|Быстрый Джимми
trp_galeas|Галеас
trp_farmer_from_bandit_village|Крестьянин
trp_farmer_from_bandit_village_pl|Крестьяне
trp_trainer_1|Наставник
trp_trainer_2|Наставник
trp_trainer_3|Наставник
trp_trainer_4|Наставник
trp_trainer_gondor|Наставник
trp_trainer_rohan|Наставник
trp_trainer_dale|Наставник
trp_trainer_elf|Наставник
trp_trainer_beorn|Наставник
trp_trainer_dwarf|Наставник
trp_trainer_mordor|Наставник
trp_trainer_isengard|Наставник
trp_trainer_khand|Наставник
trp_trainer_rhun|Наставник
trp_trainer_harad|Наставник
trp_trainer_umbar|Наставник
trp_ransom_broker_1|Перекупщик пленных
trp_ransom_broker_2|Перекупщик пленных
trp_ransom_broker_3|Перекупщик пленных
trp_ransom_broker_4|Перекупщик пленных
trp_ransom_broker_5|Перекупщик пленных
trp_ransom_broker_6|Перекупщик пленных
trp_ransom_broker_7|Перекупщик пленных
trp_ransom_broker_8|Перекупщик пленных
trp_ransom_broker_9|Перекупщик пленных
trp_ransom_broker_10|Перекупщик пленных
trp_tavern_traveler_1|Путник
trp_tavern_traveler_2|Путник
trp_tavern_traveler_3|Путник
trp_tavern_traveler_4|Путник
trp_tavern_traveler_5|Путник
trp_tavern_traveler_6|Путник
trp_tavern_traveler_7|Путник
trp_tavern_traveler_8|Путник
trp_tavern_traveler_9|Путник
trp_tavern_traveler_10|Путник
trp_tavern_minstrel_1|Менестрель
trp_npc1|Маблунг
trp_npc2|Кирдиль
trp_npc3|Улфас
trp_npc4|Гальмине
trp_npc5|Глорфиндель
trp_npc6|Луэванна
trp_npc7|Кили Златопалый
trp_npc8|Фаниул
trp_npc9|Гулм
trp_npc10|Дургаш
trp_npc11|Уфтак
trp_npc12|Горбаг
trp_npc13|Ликьяда
trp_npc14|Фулдимир
trp_npc15|Болзог
trp_npc16|Варфанг
trp_npc17|Димборн
trp_gondor_lord|Наместник Денетор
trp_gondor_lord_pl|Наместник
trp_rohan_lord|Король Теоден
trp_rohan_lord_pl|Король
trp_isengard_lord|Саруман
trp_isengard_lord_pl|Повелитель
trp_mordor_lord|Уста Саурона
trp_mordor_lord_pl|Сатрап
trp_harad_lord|Вождь Ул-Улкари
trp_harad_lord_pl|Вождь
trp_rhun_lord|Ярл Хелькарот
trp_rhun_lord_pl|Ярл
trp_khand_lord|Шибх Крукмахур
trp_khand_lord_pl|Шибх
trp_umbar_lord|Флотоводец Тулмир
trp_umbar_lord_pl|Флотоводцы
trp_lorien_lord|Владычица Галадриэль
trp_lorien_lord_pl|Владычица
trp_imladris_lord|Владыка Эльронд
trp_imladris_lord_pl|Владыка
trp_woodelf_lord|Король Трандуиль
trp_woodelf_lord_pl|Король
trp_moria_lord|Господин Болг Младший
trp_moria_lord_pl|Господин
trp_guldur_lord|Господин Фуинур
trp_guldur_lord_pl|Господин
trp_gundabad_lord|Господин Бурза Круал
trp_gundabad_lord_pl|Господин
trp_dale_lord|Король Бранд
trp_dale_lord_pl|Король
trp_dwarf_lord|Король Даин II Железностоп
trp_dwarf_lord_pl|Король
trp_dunland_lord|Вождь Даэглаф Чёрный
trp_dunland_lord_pl|Вождь
trp_beorn_lord|Вождь Гримбеорн Старый
trp_beorn_lord_pl|Вождь
trp_lorien_marshall|Келеборн
trp_pippin_notmet|полурослик
trp_merry_notmet|полурослик
trp_pippin|Пиппин
trp_merry|Мерри
trp_knight_1_1|Ангбор
trp_knight_1_2|Баранор
trp_knight_1_3|Князь Имрахиль
trp_knight_1_4|Орталион
trp_knight_1_5|Дуинхир
trp_knight_1_6|Хирлуин Прекрасный
trp_knight_1_7|Фарамир
trp_knight_1_8|Форлонг Толстый
trp_knight_1_9|Гримбольд
trp_knight_1_10|Эркенбранд
trp_knight_1_11|Эльфхельм
trp_knight_1_12|Хама
trp_knight_1_13|Гамлинг
trp_knight_1_14|Эомер
trp_knight_1_15|Углук
trp_knight_1_16|Маухур
trp_knight_1_17|Мог Семипалый
trp_knight_1_18|Хушнак Длинноногий
trp_knight_1_19|Гридаш Древогрыз
trp_knight_1_20|Гронк Людоед
trp_knight_2_1|Воевода Мортах
trp_knight_2_2|Берутиэль
trp_knight_2_3|Сканг
trp_knight_2_4|Фарахад Незаконнорожденный
trp_knight_2_5|Гришнах
trp_knight_2_51|Готмог
trp_knight_2_51_pl|Сотник
trp_knight_2_6|Вождь Карна Лев
trp_knight_2_7|Вождь На’ман
trp_knight_2_8|Вождь Хаарит
trp_knight_2_11|Кусулак
trp_knight_2_12|Улварт Балхот
trp_knight_2_13|Бродда
trp_knight_2_16|Тораск
trp_knight_2_17|Лурмсакун
trp_knight_3_1|Капитан Морбир
trp_knight_3_2|Капитан Ангамайте
trp_knight_3_3|Капитан Сангахьяндо
trp_knight_3_6|Халдир
trp_knight_3_7|Орофин
trp_knight_3_11|Элладан
trp_knight_3_12|Эльрохир
trp_knight_3_13|Халбарад
trp_knight_3_16|Мириэль
trp_knight_3_17|Гладваэтор
trp_knight_4_1|Сног, Хозяин кнута
trp_knight_4_2|Снотгор, Хозяин кнута
trp_knight_4_6|Воевода Туским
trp_knight_4_7|Воевода Мугслаг
trp_knight_4_11|Беранхельм
trp_knight_4_12|Беранор Чёрный Мех
trp_knight_4_16|Бролгухш, Хозяин кнута
trp_knight_4_17|Грумрунт, Хозяин кнута
trp_knight_4_18|Гримсоб, Хозяин кнута
trp_knight_5_1|Владыка Хальвард
trp_knight_5_2|Владыка Бард
trp_knight_5_3|Владыка Эсгарайн
trp_knight_5_6|Фульгни Длиннобородый
trp_knight_5_7|Торин Каменный Шлем
trp_knight_5_11|Вождь Фудрейм
trp_knight_5_12|Вождь Вульф
trp_smith_mtirith|Беретор Кузнец
trp_smith_mtirith_pl|Кузницы Наместника
trp_smith_pelargir|Халлатан Повелитель Стали
trp_smith_pelargir_pl|кузницу
trp_smith_linhir|Бор Оружейник
trp_smith_linhir_pl|кузницу
trp_smith_dolamroth|Халдад Кузнец
trp_smith_dolamroth_pl|кузницы Амрота
trp_smith_edhellond|Риис Железнолом
trp_smith_edhellond_pl|кузницу
trp_smith_lossarnach|Берин Секиродел
trp_smith_lossarnach_pl|кузницу
trp_smith_tarnost|Харандиль Стальной Молот
trp_smith_tarnost_pl|кузницу
trp_smith_erech|Лорне Чёрный
trp_smith_erech_pl|кузницу
trp_smith_pinnath|Тарандиль Клинкодел
trp_smith_pinnath_pl|кузницу
trp_smith_eosgiliath|Бзург Мародёр
trp_smith_eosgiliath_pl|кузницу
trp_smith_wosgiliath|Гардиль
trp_smith_wosgiliath_pl|полевую кузницу
trp_smith_calembel|Агроном
trp_smith_calembel_pl|кузницу
trp_smith_hannun|Фал Кузнец Рейнджеров
trp_smith_hannun_pl|склад снаряжения рейнджеров
trp_smith_candros|Калимдор
trp_smith_candros_pl|кузницу
trp_smith_edoras|Эаоден Повелитель Стали
trp_smith_edoras_pl|Королевскую кузницу
trp_smith_aldburg|Фулм Железное Копыто
trp_smith_aldburg_pl|кузницу
trp_smith_hornburg|Альдхельм
trp_smith_hornburg_pl|кузницу
trp_smith_eastemnet|Эадфрид
trp_smith_eastemnet_pl|кузницу
trp_smith_westfold|Деор Шлемодел
trp_smith_westfold_pl|кузницу
trp_smith_westemnet|Оружейник
trp_smith_westemnet_pl|кузницу
trp_smith_eastfold|Эадеран Сталерезчик
trp_smith_eastfold_pl|кузницу
trp_smith_morannon|Хурбаг Кузнец
trp_smith_morannon_pl|кузницу
trp_smith_mmorgul|Оргурз Огневержец
trp_smith_mmorgul_pl|кузницу
trp_town_24_smith|Боз Железнолом
trp_town_24_smith_pl|кузницу
trp_smith_orc_patrol|Глугз Железнопалый
trp_smith_orc_patrol_pl|полевую кузницу
trp_smith_oscamp|Кугаш Железнолюб
trp_smith_oscamp_pl|полевую кузницу
trp_smith_isengard|Бурз Железнобой
trp_smith_isengard_pl|подземную кузницу
trp_smith_uoutpost|Гурзук Железнозубый
trp_smith_uoutpost_pl|полевую кузницу
trp_smith_uhcamp|Рабзуг Ржавоед
trp_smith_uhcamp_pl|полевую кузницу
trp_smith_urcamp|Глурк
trp_smith_urcamp_pl|полевую кузницу
trp_smith_cgaladhon|Дируфин Мастер луков
trp_smith_cgaladhon_pl|эльфийские оружейные мастерские
trp_smith_cdolen|Димириан Стрелодел
trp_smith_cdolen_pl|эльфийские оружейные мастерские
trp_smith_camroth|Гетасистан
trp_smith_camroth_pl|эльфийские оружейные мастерские
trp_smith_thranduils_halls|Туринор
trp_smith_thranduils_halls_pl|кузницу
trp_smith_woodelf_camp|Калехир
trp_smith_woodelf_camp_pl|кузницу
trp_smith_beorn|Беорналаф Секиродел
trp_smith_beorn_pl|кузницу
trp_smith_moria|Бургак Кузнец
trp_smith_moria_pl|кузницу
trp_smith_dale|Ардель Огненнорукий
trp_smith_dale_pl|кузницу
trp_smith_esgaroth|Келегарн Мастер Луков
trp_smith_esgaroth_pl|кузницу
trp_smith_erebor|Трор Молотобоец
trp_smith_erebor_pl|прославленные гномьи кузни
trp_smith_dunland|Дорровульд Железная Пика
trp_smith_dunland_pl|кузницу
trp_smith_harad|Хар Сталелом
trp_smith_harad_pl|кузницу
trp_smith_khand|Пушурт Хитрец
trp_smith_khand_pl|кузницу
trp_smith_umbar|Фуинур Кузнец
trp_smith_umbar_pl|кузницу
trp_smith_imladris|Дуифириан
trp_smith_imladris_pl|эльфийские оружейные мастерские
trp_smith_dolguldur|Штазг Дулбаш
trp_smith_dolguldur_pl|кузницу
trp_smith_north_rhun|Огнемир Кладиво
trp_smith_north_rhun_pl|полевую кузницу
trp_smith_gundabad|Блург Снегопродавец
trp_smith_gundabad_pl|кузницу
trp_smith_ironhill|Кузнец с Железных холмов
trp_smith_ironhill_pl|гномью полевую кузницу
trp_town_50_weaponsmith|Оружейник
trp_town_50_weaponsmith_pl|кузницу
trp_smith_gondor_ac|Бор Оружейник
trp_smith_gondor_ac_pl|полевую кузницу
trp_smith_rohan_ac|Деор Шлемодел
trp_smith_rohan_ac_pl|полевую кузницу
trp_smith_mordor_ac|Хурбаг Кузнец
trp_smith_mordor_ac_pl|кузницу
trp_smith_isengard_ac|Бурз Железнобой
trp_smith_isengard_ac_pl|подземную кузницу
trp_smith_lorien_ac|Димириан Стрелодел
trp_smith_lorien_ac_pl|эльфийские оружейные мастерские
trp_smith_woodelf_ac|Доэлат
trp_smith_woodelf_ac_pl|кузницу
trp_smith_dwarf_ac|Кузнец с Железных холмов
trp_smith_dwarf_ac_pl|гномью полевую кузницу
trp_smith_gundabad_ac|Блург Снегопродавец
trp_smith_gundabad_ac_pl|кузницу
trp_smith_rhun_ac|Бранимир Бронник
trp_smith_rhun_ac_pl|полевую кузницу
trp_smith_guldur_ac|Штазг Дулбаш
trp_smith_guldur_ac_pl|кузницу
trp_smith_imladris_ac|Дуифириан
trp_smith_imladris_ac_pl|эльфийские оружейные мастерские
trp_smith_dunland_ac|Дорровульд Железная Пика
trp_smith_dunland_ac_pl|кузницу
trp_smith_harad_ac|Хар Сталелом
trp_smith_harad_ac_pl|кузницу
trp_smith_khand_ac|Пушурт Хитрец
trp_smith_khand_ac_pl|кузницу
trp_smith_umbar_ac|Фуинир Кузнец
trp_smith_umbar_ac_pl|кузницу
trp_barman_mtirith|Хозяин таверны
trp_barman_mtirith_pl|цитадель
trp_barman_pelargir|Хозяин таверны
trp_barman_pelargir_pl|замок
trp_barman_linhir|Хозяин таверны
trp_barman_linhir_pl|замок
trp_barman_dolamroth|Хозяин таверны
trp_barman_dolamroth_pl|замок
trp_barman_edhellond|Хозяин таверны
trp_barman_edhellond_pl|замок
trp_barman_lossarnach|Хозяин таверны
trp_barman_lossarnach_pl|замок
trp_barman_tarnost|Хозяин таверны
trp_barman_tarnost_pl|замок
trp_barman_erech|Хозяин таверны
trp_barman_erech_pl|замок
trp_barman_pinnath|Хозяин таверны
trp_barman_pinnath_pl|замок
trp_barman_hannun|Хозяин таверны
trp_barman_hannun_pl|Потайная пещера
trp_barman_calembel|Хозяин таверны
trp_barman_calembel_pl|замок
trp_barman_edoras|Хозяин таверны
trp_barman_edoras_pl|Медусельд, Золотой чертог
trp_barman_aldburg|Хозяин таверны
trp_barman_aldburg_pl|замок
trp_barman_hornburg|Хозяин таверны
trp_barman_hornburg_pl|Чертоги владыки
trp_barman_eastemnet|Хозяин таверны
trp_barman_eastemnet_pl|замок
trp_barman_westfold|Хозяин таверны
trp_barman_westfold_pl|замок
trp_barman_westemnet|Хозяин таверны
trp_barman_westemnet_pl|замок
trp_barman_eastfold|Хозяин таверны
trp_barman_eastfold_pl|замок
trp_barman_baraddur|Хозяин таверны
trp_barman_baraddur_pl|замок
trp_barman_morannon|Хозяин таверны
trp_barman_morannon_pl|пещеру повелителя
trp_barman_mmorgul|Хозяин таверны
trp_barman_mmorgul_pl|твердыню
trp_barman_cungol|Хозяин таверны
trp_barman_cungol_pl|замок
trp_barman_isengard|Хозяин таверны
trp_barman_isengard_pl|Ортанк
trp_barman_cgaladhon|Хозяин таверны
trp_barman_cgaladhon_pl|древесный замок
trp_barman_cdolen|Хозяин таверны
trp_barman_cdolen_pl|древесный замок
trp_barman_camroth|Хозяин таверны
trp_barman_camroth_pl|древесный замок
trp_barman_thalls|Хозяин таверны
trp_barman_thalls_pl|тронный зал
trp_barman_beorn|Хозяин таверны
trp_barman_beorn_pl|дом Беорна
trp_barman_moria|Хозяин таверны
trp_barman_moria_pl|палаты Подгорного короля
trp_barman_dale|Хозяин таверны
trp_barman_dale_pl|замок
trp_barman_esgaroth|Хозяин таверны
trp_barman_esgaroth_pl|чертоги правителя
trp_barman_erebor|Хозяин таверны
trp_barman_erebor_pl|палаты Подгорного короля
trp_barman_dolguldur|Хозяин таверны
trp_barman_dolguldur_pl|замок
trp_merchant_mtirith|Ведающий запасами
trp_merchant_mtirith_pl|конюшню и склад
trp_merchant_pelargir|Ведающий запасами
trp_merchant_pelargir_pl|конюшню и склад
trp_merchant_linhir|Ведающий запасами
trp_merchant_linhir_pl|конюшню и склад
trp_merchant_dolamroth|Ведающий запасами
trp_merchant_dolamroth_pl|конюшню и склад
trp_merchant_edhellond|Ведающий запасами
trp_merchant_edhellond_pl|конюшню и склад
trp_merchant_lossarnach|Ведающий запасами
trp_merchant_lossarnach_pl|конюшню и склад
trp_merchant_tarnost|Ведающий запасами
trp_merchant_tarnost_pl|конюшню и склад
trp_merchant_erech|Ведающий запасами
trp_merchant_erech_pl|конюшню и склад
trp_merchant_pinnath|Ведающий запасами
trp_merchant_pinnath_pl|конюшню и склад
trp_merchant_eosgiliath|Ведающий запасами
trp_merchant_eosgiliath_pl|конюшню и склад
trp_merchant_wosgiliath|Ведающий запасами
trp_merchant_wosgiliath_pl|конюшню и склад
trp_town_12_horse_merchant|Ведающий запасами
trp_town_12_horse_merchant_pl|конюшню и склад
trp_town_13_horse_merchant|Ведающий запасами
trp_town_13_horse_merchant_pl|конюшню и склад
trp_merchant_edoras|Ведающая запасами
trp_merchant_edoras_pl|конюшню и склад
trp_merchant_aldburg|Ведающий запасами
trp_merchant_aldburg_pl|королевские конюшню и склад
trp_merchant_hornburg|Ведающий запасами
trp_merchant_hornburg_pl|конюшню и склад
trp_merchant_eastemnet|Ведающий запасами
trp_merchant_eastemnet_pl|конюшню и склад
trp_merchant_westfold|Ведающая запасами
trp_merchant_westfold_pl|конюшню и склад
trp_merchant_westemnet|Ведающая запасами
trp_merchant_westemnet_pl|конюшню и склад
trp_merchant_eastfold|Ведающая запасами
trp_merchant_eastfold_pl|конюшню и склад
trp_town_21_horse_merchant|Ведающий запасами
trp_town_21_horse_merchant_pl|волчью яму и склад
trp_merchant_morannon|Ведающий запасами
trp_merchant_morannon_pl|волчью яму и склад
trp_merchant_mmorgul|Ведающий запасами
trp_merchant_mmorgul_pl|волчью яму и склад
trp_town_24_horse_merchant|Ведающий запасами
trp_town_24_horse_merchant_pl|волчью яму и склад
trp_merchant_orc_patrol|Ведающий запасами
trp_merchant_orc_patrol_pl|полевой склад
trp_merchant_isengard|Ведающий запасами
trp_merchant_isengard_pl|полевой склад
trp_town_27_horse_merchant|Ведающий запасами
trp_town_27_horse_merchant_pl|волчью яму и склад
trp_merchant_uoutpost|Ведающий запасами
trp_merchant_uoutpost_pl|волчью яму и склад
trp_merchant_uhcamp|Ведающий запасами
trp_merchant_uhcamp_pl|волчью яму и склад
trp_merchant_urcamp|Ведающий запасами
trp_merchant_urcamp_pl|волчью яму и склад
trp_merchant_cgaladhon|Ведающий запасами
trp_merchant_cgaladhon_pl|эльфийские склады
trp_merchant_cdolen|Ведающий запасами
trp_merchant_cdolen_pl|эльфийские склады
trp_merchant_camroth|Ведающий запасами
trp_merchant_camroth_pl|эльфийские склады
trp_merchant_thranduils_halls|Ведающий запасами
trp_merchant_thranduils_halls_pl|эльфийские склады
trp_merchant_woodelf_camp|Ведающий запасами
trp_merchant_woodelf_camp_pl|эльфийские склады
trp_merchant_woodmen|Ведающий запасами
trp_merchant_woodmen_pl|конюшню и склад
trp_merchant_beorn|Ведающий запасами
trp_merchant_beorn_pl|конюшню и склад
trp_merchant_moria|Ведающий запасами
trp_merchant_moria_pl|волчью яму и склад
trp_merchant_dale|Ведающий запасами
trp_merchant_dale_pl|конюшню и склад
trp_merchant_esgaroth|Ведающий запасами
trp_merchant_esgaroth_pl|конюшню и склад
trp_merchant_erebor|Ведающий запасами
trp_merchant_erebor_pl|гномьи склады
trp_merchant_dunland|Дунлендинг-ведающий запасами
trp_merchant_dunland_pl|полевой склад
trp_merchant_harad|Харадец-ведающий запасами
trp_merchant_harad_pl|полевой склад
trp_merchant_khand|Варьяг-ведающий запасами
trp_merchant_khand_pl|полевой склад
trp_merchant_umbar|Ведающий запасами
trp_merchant_umbar_pl|полевой склад
trp_merchant_imladris|Ведающий запасами
trp_merchant_imladris_pl|полевой склад
trp_merchant_dolguldur|Ведающий запасами
trp_merchant_dolguldur_pl|конюшню и склад
trp_merchant_north_rhun|Ведающий запасами
trp_merchant_north_rhun_pl|полевой склад
trp_merchant_south_rhun|Ведающий запасами
trp_merchant_south_rhun_pl|полевой склад
trp_merchant_gundabad|Ведающий запасами
trp_merchant_gundabad_pl|полевой склад
trp_merchant_ironhill|Ведающий запасами
trp_merchant_ironhill_pl|гномий склад
trp_town_50_horse_merchant|Ведающий запасами
trp_town_50_horse_merchant_pl|конюшню и склад
trp_merchant_calembel|Ведающий запасами
trp_merchant_calembel_pl|конюшню и склад
trp_elder_mtirith|Управитель Минас-Тирита
trp_elder_mtirith_pl|Белый Город
trp_elder_pelargir|Управитель Пеларгира
trp_elder_pelargir_pl|город
trp_elder_linhir|Управитель Линхира
trp_elder_linhir_pl|город
trp_elder_dolamroth|Управитель Дол-Амрота
trp_elder_dolamroth_pl|город
trp_elder_edhellond|Управитель Эделлонда
trp_elder_edhellond_pl|город
trp_elder_lossarnach|Управитель Лоссарнаха
trp_elder_lossarnach_pl|поселение
trp_elder_tarnost|Управитель Тарноста
trp_elder_tarnost_pl|поселение
trp_elder_erech|Управитель Эреха
trp_elder_erech_pl|поселение
trp_elder_pinnath|Старейшина Пиннат-Гелина
trp_elder_pinnath_pl|поселение
trp_elder_ethring|Управитель Калембеля
trp_elder_ethring_pl|город
trp_elder_henneth|Управитель Хеннет-Аннуна
trp_elder_henneth_pl|убежище рейнджеров
trp_elder_cairandros|Управитель Кайр-Андроса
trp_elder_cairandros_pl|островную крепость
trp_elder_edoras|Тэн Эдораса
trp_elder_edoras_pl|город
trp_elder_aldburg|Тэн Альдбурга
trp_elder_aldburg_pl|поселение
trp_elder_hornburg|Тэн Хорнбурга
trp_elder_hornburg_pl|крепость
trp_elder_eastemnet|Тэн Истемнета
trp_elder_eastemnet_pl|поселение
trp_elder_westfold|Тэн Вестфольда
trp_elder_westfold_pl|поселение
trp_elder_westemnet|Тэн Вестемнета
trp_elder_westemnet_pl|поселение
trp_elder_eastfold|Тэн Истфолда
trp_elder_eastfold_pl|поселение
trp_elder_morannon|Управитель Мораннона
trp_elder_morannon_pl|пещеры у Великих Врат
trp_elder_mmorgul|Моргульский управитель
trp_elder_mmorgul_pl|зловещий город
trp_elder_cungol|Лагерный управитель
trp_elder_cungol_pl|лагерь
trp_elder_isengard|Грима Змеиный Язык
trp_elder_isengard_pl|город
trp_elder_cgaladhon|Лориэнский хранитель обычаев
trp_elder_cgaladhon_pl|лесную крепость эльфов
trp_elder_cdolen|Лориэнский хранитель обычаев
trp_elder_cdolen_pl|лагерь
trp_elder_camroth|Лориэнский хранитель обычаев
trp_elder_camroth_pl|лагерь
trp_elder_thalls|Темнолесский старейшина
trp_elder_thalls_pl|пещеры эльфов
trp_elder_imladris|Управитель лагеря Ривенделла
trp_elder_imladris_pl|лагерь
trp_elder_wvillage|Пьер Лесовик
trp_elder_wvillage_pl|деревню
trp_elder_beorn|Беорнингский старейшина
trp_elder_beorn_pl|деревню
trp_elder_harad|Харадский управитель лагеря
trp_elder_harad_pl|лагерь
trp_elder_rhun|Рунийский управитель лагеря
trp_elder_rhun_pl|лагерь
trp_elder_khand|Хандский управитель лагеря
trp_elder_khand_pl|лагерь
trp_elder_dunland|Дунландский управитель лагеря
trp_elder_dunland_pl|лагерь
trp_elder_umbar|Умбарский управитель лагеря
trp_elder_umbar_pl|укреплённый лагерь
trp_elder_moria|Морийский вождь
trp_elder_moria_pl|копи
trp_elder_gunda|Хозяин пещер
trp_elder_gunda_pl|пещеры
trp_elder_dale|Дейльский управитель
trp_elder_dale_pl|город
trp_elder_esgaroth|Управитель Эсгарота
trp_elder_esgaroth_pl|Озёрный город
trp_elder_erebor|Управитель Эребора
trp_elder_erebor_pl|подгорные чертоги
trp_elder_dolguldur|Гулдурский управитель
trp_elder_dolguldur_pl|чёрную твердыню
trp_elder_gondor_ac|Управитель лагеря
trp_elder_gondor_ac_pl|лагерь
trp_elder_rohan_ac|Управитель лагеря
trp_elder_rohan_ac_pl|лагерь
trp_elder_mordor_ac|Управитель лагеря
trp_elder_mordor_ac_pl|лагерь
trp_elder_isengard_ac|Управитель лагеря 
trp_elder_isengard_ac_pl|лагерь 
trp_elder_lorien_ac|Управитель лагеря
trp_elder_lorien_ac_pl|лагерь
trp_elder_woodelf_ac|Управитель лагеря
trp_elder_woodelf_ac_pl|лагерь
trp_elder_imladris_ac|Управитель лагеря
trp_elder_imladris_ac_pl|лагерь
trp_elder_beorn_ac|Управитель лагеря
trp_elder_beorn_ac_pl|лагерь
trp_elder_harad_ac|Харадский управитель лагеря
trp_elder_harad_ac_pl|лагерь
trp_elder_rhun_ac|Рунийский управитель лагеря
trp_elder_rhun_ac_pl|лагерь
trp_elder_khand_ac|Хандский управитель лагеря
trp_elder_khand_ac_pl|лагерь
trp_elder_dunland_ac|Дунландский управитель лагеря
trp_elder_dunland_ac_pl|лагерь
trp_elder_umbar_ac|Умбарский управитель лагеря
trp_elder_umbar_ac_pl|лагерь
trp_elder_moria_ac|Морийский управитель лагеря
trp_elder_moria_ac_pl|лагерь
trp_elder_gunda_ac|Гундабадский управитель лагеря
trp_elder_gunda_ac_pl|лагерь
trp_elder_dale_ac|Дейльский управитель лагеря
trp_elder_dale_ac_pl|лагерь
trp_elder_guldur_ac|Гулдурский управитель лагеря
trp_elder_guldur_ac_pl|лагерь
trp_elder_dwarf_ac|Гномий управитель лагеря
trp_elder_dwarf_ac_pl|лагерь
trp_village_1_elder|Деревенский староста
trp_tutorial_chest_1|Сундук для холодного оружия
trp_tutorial_chest_2|Сундук для стрелкового оружия
trp_bonus_chest_1|Бонусный сундук
trp_bonus_chest_2|Бонусный сундук
trp_bonus_chest_3|Бонусный сундук
trp_camp_chest_faction|Общий сундук
trp_camp_chest_none|Ничейный сундук
trp_player_chest|Ваш сундук
trp_local_merchant|Местный торговец
trp_local_merchant_pl|Местные торговцы
trp_tax_rebel|Крестьянин-бунтарь
trp_tax_rebel_pl|Крестьяне-бунтари
trp_trainee_peasant|Крестьянин
trp_trainee_peasant_pl|Крестьяне
trp_fugitive_man|Подозрительный человек
trp_fugitive_man_pl|Подозрительные люди
trp_fugitive_elf|Подозрительный эльф
trp_fugitive_elf_pl|Подозрительные эльфы
trp_fugitive_dwarf|Подозрительный гном
trp_fugitive_dwarf_pl|Подозрительные гномы
trp_fugitive_orc|Подозрительный орк
trp_fugitive_orc_pl|Подозрительные орки
trp_spy|Лукавый корсар
trp_spy_pl|Лукавые корсары
trp_spy_evil|Лукавый южанин
trp_spy_evil_pl|Лукавые южане
trp_spy_partner|Сообщник шпиона
trp_spy_partner_pl|Сообщники шпионов
trp_spy_partner_evil|Сообщник шпиона
trp_spy_partner_evil_pl|Сообщники шпионов
trp_easter_egg_troll|Тролль
trp_treebeard|Древобрад
trp_ent_1|Брегалад
trp_ent_2|Финглас
trp_ent_3|Фладрив
trp_gandalf|Гэндальф
trp_gandalf_pl|Доморощенные Гэндальфы
trp_nazgul|Назгул
trp_nazgul_pl|Одомашненный назгул
trp_barman|Бармен
trp_elder|Старейшина
trp_gear_merchant|Торговец снаряжением
trp_goods_merchant|Торговец провизией
trp_start_quest_caravaneer|Торбал Караванщик
trp_dorwinion_bandit|Дорвинионский разбойник
trp_dorwinion_bandit_pl|Дорвинионские разбойники
trp_dorwinion_raider|Дорвинионский налётчик
trp_dorwinion_raider_pl|Дорвинионские налётчики
trp_city_guard|Городской стражник
trp_city_guard_pl|Городские стражники
trp_orc_sentry|Орк-часовой
trp_orc_sentry_pl|Орки-часовые
trp_uruk_hai_sentry|Часовой урук-хай
trp_uruk_hai_sentry_pl|Часовые урук-хай
trp_black_numenorean_sorcerer|Чёрный нуменорец-колдун
trp_black_numenorean_sorcerer_pl|Чёрные нуменорцы-колдуны
trp_black_numenorean_acolyte|Чёрный нуменорец-служитель
trp_black_numenorean_acolyte_pl|Чёрные нуменорцы-служители
trp_wolf_rider_of_mirkwood|Волчий всадник Темнолесья
trp_wolf_rider_of_mirkwood_pl|Волчьи всадники Темнолесья
trp_warg_rider_of_mirkwood|Темнолесский всадник на варге
trp_warg_rider_of_mirkwood_pl|Темнолесские всадники на варгах
trp_gate_aggravator|Ворота пока держатся
trp_orc_pretender|Претендент на лидерство
trp_human_prisoner|Пленный человек
trp_spider|Паук из Темнолесья
trp_spider_pl|Пауки из Темнолесья
trp_bear|Медведь
trp_bear_pl|Медведи
trp_wolf|Волк
trp_wolf_pl|Волки
trp_dorwinion_sack|дорвинионский мешок
trp_ring_hunter_captain|Командир Охотников за Кольцом
trp_ring_hunter_lt|Командир Охотников за Кольцом
trp_ring_hunter_one|Охотник за Кольцом
trp_ring_hunter_one_pl|Охотники за Кольцом
trp_ring_hunter_two|Охотник за Кольцом
trp_ring_hunter_two_pl|Охотники за Кольцом
trp_ring_hunter_three|Охотник за Кольцом
trp_ring_hunter_three_pl|Охотники за Кольцом
trp_ring_hunter_four|Охотник за Кольцом
trp_ring_hunter_four_pl|Охотники за Кольцом
trp_start_quest_uruk|Мордорский урук-капитан
trp_start_quest_orc|Мордорский орк-лейтенант
trp_start_quest_orc_pl|Крупные орки Мордора
trp_start_quest_woodelf|Меткий стрелок галадрим
trp_start_quest_woodelf_pl|Меткие стрелки галадрим
trp_start_quest_mordor_scout|Мордорский проводник
trp_start_quest_mordor_scout_pl|Мордорские проводники
trp_start_quest_beorning|Беорнингский берсерк Каррока
trp_start_quest_beorning_pl|Беорнингские берсерки Каррока
