trp_unarmed_troop|Nieuzbrojona Jednostka
trp_unarmed_troop_pl|Nieuzbrojonych Jednostek
trp_tutorial_maceman|Buławnik
trp_tutorial_maceman_pl|Buławników
trp_tutorial_archer|Łucznik
trp_tutorial_archer_pl|Łuczników
trp_tutorial_swordsman|Wojownik Uzbrojony w Miecz
trp_tutorial_swordsman_pl|Mieczników
trp_novice_fighter|Wojownik Nowicjusz
trp_novice_fighter_pl|Wojowników Nowicjuszy
trp_regular_fighter|Zwykły Wojownik
trp_regular_fighter_pl|Zwykłych Wojowników
trp_veteran_fighter|Wojownik Weteran
trp_veteran_fighter_pl|Wojowników Weteranów
trp_champion_fighter|Wojownik Mistrz
trp_champion_fighter_pl|Wojowników Mistrzów
trp_arena_training_fighter_1|Wojownik Nowicjusz
trp_arena_training_fighter_1_pl|Wojowników Nowicjuszy
trp_arena_training_fighter_2|Wojownik Nowicjusz
trp_arena_training_fighter_2_pl|Wojowników Nowicjuszy
trp_arena_training_fighter_3|Zwykły Wojownik
trp_arena_training_fighter_3_pl|Zwykłych Wojowników
trp_arena_training_fighter_4|Zwykły Wojownik
trp_arena_training_fighter_4_pl|Zwykłych Wojowników
trp_arena_training_fighter_5|Zwykły Wojownik
trp_arena_training_fighter_5_pl|Zwykłych Wojowników
trp_arena_training_fighter_6|Wojownik Weteran
trp_arena_training_fighter_6_pl|Wojowników Weteranów
trp_arena_training_fighter_7|Wojownik Weteran
trp_arena_training_fighter_7_pl|Wojowników Weteranów
trp_arena_training_fighter_8|Wojownik Weteran
trp_arena_training_fighter_8_pl|Wojowników Weteranów
trp_arena_training_fighter_9|Wojownik Mistrz
trp_arena_training_fighter_9_pl|Wojowników Mistrzów
trp_arena_training_fighter_10|Wojownik Mistrz
trp_arena_training_fighter_10_pl|Wojowników Mistrzów
trp_cattle|Bydło
trp_cattle_pl|Sztuk Bydła
trp_farmer|Rolnik
trp_farmer_pl|Rolników
trp_townsman|Mieszczanin
trp_townsman_pl|Mieszczan
trp_watchman|Wartownik
trp_watchman_pl|Wartowników
trp_woodmen_youth|Człowiek Lasu
trp_woodmen_youth_pl|Ludzi Lasu
trp_woodmen_forester|Leśnik
trp_woodmen_forester_pl|Leśników
trp_woodmen_skilled_forester|Doświadczony Leśnik
trp_woodmen_skilled_forester_pl|Doświadczonych Leśników
trp_woodmen_axemen|Leśny Topornik
trp_woodmen_axemen_pl|Leśnych Toporników
trp_woodmen_master_axemen|Leśny Mistrz Topora
trp_woodmen_master_axemen_pl|Leśnych Mistrzów Topora
trp_woodmen_tracker|Leśny Tropiciel
trp_woodmen_tracker_pl|Leśnych Tropicieli
trp_woodmen_scout|Leśny Zwiadowca
trp_woodmen_scout_pl|Leśnych Zwiadowców
trp_woodmen_archer|Leśny Łucznik
trp_woodmen_archer_pl|Leśnych Łuczników
trp_fell_huntsmen_of_mirkwood|Zabójczy Myśliwy z Mrocznej Puszczy
trp_fell_huntsmen_of_mirkwood_pl|Zabójczych Myśliwych z Mrocznej Puszczy
trp_beorning_vale_man|Beorninski Mężczyzna
trp_beorning_vale_man_pl|Beorninskich Mężczyzn
trp_beorning_warrior|Beorninski Wojownik
trp_beorning_warrior_pl|Beorninskich Wojowników
trp_beorning_tolltacker|Beorninski Mytnik
trp_beorning_tolltacker_pl|Beorninskich Mytników
trp_beorning_sentinel|Beorninski Wartownik
trp_beorning_sentinel_pl|Beorninskich Wartowników
trp_beorning_warden_of_the_ford|Beorninski Strażnik Brodu
trp_beorning_warden_of_the_ford_pl|Beorninskich Strażników Brodu
trp_beorning_carrock_lookout|Beorninski Skaut Carrock
trp_beorning_carrock_lookout_pl|Beorninskich Skautów Carrock
trp_beorning_carrock_fighter|Beorninski Wojownik Carrock
trp_beorning_carrock_fighter_pl|Beorninskich Wojowników Carrock
trp_beorning_carrock_berserker|Beorninski Berserker Carrock
trp_beorning_carrock_berserker_pl|Beorninskich Berserkerów Carrock
trp_dale_militia|Milicjant Dale
trp_dale_militia_pl|Milicji Dale
trp_dale_man_at_arms|Zbrojny Dale
trp_dale_man_at_arms_pl|Zbrojnych Dale
trp_laketown_scout|Zwiadowca Jeziora
trp_laketown_scout_pl|Zwiadowców Jeziora
trp_laketown_bowmen|Łucznik Jeziora
trp_laketown_bowmen_pl|Łuczników Jeziora
trp_laketown_archer|Strzelec Jeziora
trp_laketown_archer_pl|Strzelców Jeziora
trp_barding_bowmen_of_esgaroth|Zbrojny Łucznik z Esgaroth
trp_barding_bowmen_of_esgaroth_pl|Zbrojnych Łuczników z Esgaroth
trp_dale_warrior|Wojownik Dale
trp_dale_warrior_pl|Wojowników Dale
trp_dale_veteran_warrior|Doborowy Wojownik Dale
trp_dale_veteran_warrior_pl|Doborowych Wojowników Dale
trp_dale_marchwarden|Strażnik Dale
trp_dale_marchwarden_pl|Strażników Dale
trp_dale_pikeman|Włócznik Dale
trp_dale_pikeman_pl|Włóczników Dale
trp_dale_billman|Halabardzista Dale
trp_dale_billman_pl|Halabardzistów Dale
trp_dale_bill_master|Doborowy Halabardzista Dale
trp_dale_bill_master_pl|Doborowych Halabardzistów Dale
trp_merchant_squire_or_dale|Kupiecki Squire z Dale
trp_merchant_squire_or_dale_pl|Kupieckich Squire z Dale
trp_merchant_guard_of_dale|Kupiecki Strażnik Dale
trp_merchant_guard_of_dale_pl|Kupieckich Strażników Dale
trp_merchant_protector_of_dale|Kupiecki Obrońca Dale
trp_merchant_protector_of_dale_pl|Kupieckich Obrońców Dale
trp_girions_guard_of_dale|Gwardzista Giriona
trp_girions_guard_of_dale_pl|Gwardzistów Giriona
trp_rhun_tribesman|Plemieniec Rhun
trp_rhun_tribesman_pl|Plemieńców Rhun
trp_rhun_horse_scout|Konny Zwiadowca Rhun
trp_rhun_horse_scout_pl|Konnych Zwiadowców Rhun
trp_rhun_horse_archer|Konny Strzelec Rhun
trp_rhun_horse_archer_pl|Konnych Strzelców Rhun
trp_rhun_veteran_horse_archer|Doborowy Konny Strzelec Rhun
trp_rhun_veteran_horse_archer_pl|Doborowych Konnych Strzelców Rhun
trp_fell_balchoth_horse_archer|Upadły Konny Strzelec Balchoth
trp_fell_balchoth_horse_archer_pl|Upadłych Konnych Strzelców Balchoth
trp_rhun_swift_horseman|Jeździec Wiatru Rhun
trp_rhun_swift_horseman_pl|Jeźdźców Wiatru Rhun
trp_rhun_veteran_swift_horseman|Doborowy Jeździec Wiatru Rhun
trp_rhun_veteran_swift_horseman_pl|Doborowych Jeźdźców Wiatru Rhun
trp_falcon_horseman|Sokoli Jeździec
trp_falcon_horseman_pl|Sokolich Jeźdźców
trp_rhun_tribal_warrior|Plemienny Wojownik Rhun
trp_rhun_tribal_warrior_pl|Plemiennych Wojowników Rhun
trp_rhun_tribal_infantry|Plemienny Piechur Rhun
trp_rhun_tribal_infantry_pl|Plemiennych Piechurów Rhun
trp_rhun_vet_infantry|Doborowy Piechur Rhun
trp_rhun_vet_infantry_pl|Doborowych Piechurów Rhun
trp_infantry_of_the_ox|Wojownik Byka
trp_infantry_of_the_ox_pl|Wyjowników Byka
trp_rhun_light_horseman|Lekki Jeździec Rhun
trp_rhun_light_horseman_pl|Lekkich Jeźdźców Rhun
trp_rhun_light_cavalry|Lekki Kawalerzysta Rhun
trp_rhun_light_cavalry_pl|Lekkich Kawalerzystów Rhun
trp_rhun_noble_cavalry|Szlachecki Kawalerzysta Rhun
trp_rhun_noble_cavalry_pl|Szlacheckich Kawalerzystów Rhun
trp_rhun_heavy_noble_cavalry|Ciężki Szlachecki Kawalerzysta Rhun
trp_rhun_heavy_noble_cavalry_pl|Ciężkich Szlacheckich Kawalerzystów Rhun
trp_dorwinion_noble_of_rhun|Dorwinionski Szlachcic Rhun
trp_dorwinion_noble_of_rhun_pl|Dorwinionskich Szlachciców Rhun
trp_dwarven_apprentice|Niewyszkolony Krasnolud
trp_dwarven_apprentice_pl|Niewyszkolonych Krasnoludów
trp_dwarven_warrior|Krasnolud Wojownik
trp_dwarven_warrior_pl|Krasnoludów Wojowników
trp_dwarven_hardened_warrior|Doborowy Krasnolud Wojownik
trp_dwarven_hardened_warrior_pl|Doborowych Krasnoludów Wojowników
trp_dwarven_spearman|Krasnolud Włócznik
trp_dwarven_spearman_pl|Krasnoludów Włóczników
trp_dwarven_pikeman|Krasnolud Pikinier
trp_dwarven_pikeman_pl|Krasnoludów Pikinierów
trp_dwarven_halberdier|Krasnolud Halabardzista
trp_dwarven_halberdier_pl|Krasnoludów Halabardzistów
trp_dwarven_axeman|Krasnolud Topornik
trp_dwarven_axeman_pl|Krasnoludów Toporników
trp_dwarven_expert_axeman|Doborowy Krasnolud Topornik
trp_dwarven_expert_axeman_pl|Doborowych Krasnoludów Toporników
trp_longbeard_axeman|Długobrody Krasnolud Topornik
trp_longbeard_axeman_pl|Długobrodych Krasnoludów Toporników
trp_dwarven_lookout|Krasnolud Skaut
trp_dwarven_lookout_pl|Krasnoludów Skautów
trp_dwarven_scout|Krasnolud Zwiadowca
trp_dwarven_scout_pl|Krasnoludów Zwiadowców
trp_dwarven_bowman|Krasnolud Łucznik
trp_dwarven_bowman_pl|Krasnoludów Łuczników
trp_dwarven_archer|Krasnoludzki Strzelec
trp_dwarven_archer_pl|Krasnoludzkich Doborowych Strzelców
trp_marksman_of_ravenhill|Krasnoludzki Mistrz Łuku z Ravenhill
trp_marksman_of_ravenhill_pl|Krasnoludzkich Mistrzów Łuku z Ravenhill
trp_iron_hills_miner|Kopacz Żelaznych Wzgórz
trp_iron_hills_miner_pl|Kopaczy Żelaznych Wzgórz
trp_iron_hills_infantry|Piechur Żelaznych Wzgórz
trp_iron_hills_infantry_pl|Piechurów Żelaznych Wzgórz
trp_iron_hills_battle_infantry|Bitewny Krasnolud Żelaznych Wzgórz
trp_iron_hills_battle_infantry_pl|Bitewnych Krasnoludów Żelaznych Wzgórz
trp_grors_guard|Gwardzista Grora
trp_grors_guard_pl|Gwardziści Grora
trp_gondor_commoner|Gondorski Poborowy
trp_gondor_commoner_pl|Gondorskich Poborowych
trp_gondor_militiamen|Gondorski Wartownik
trp_gondor_militiamen_pl|Gondorskich Wartowników
trp_footmen_of_gondor|Gondorski Piechur
trp_footmen_of_gondor_pl|Gondorskich Piechurów
trp_gondor_spearmen|Gondorski Włócznik
trp_gondor_spearmen_pl|Gondorskich Włóczników
trp_gondor_veteran_spearmen|Doborowy Gondorski Włócznik
trp_gondor_veteran_spearmen_pl|Doborowych Gondorskich Włóczników
trp_guard_of_the_fountain_court|Gwardzista Białego Drzewa
trp_guard_of_the_fountain_court_pl|Gwardzistów Białego Drzewa
trp_gondor_swordsmen|Gondorski Zbrojny
trp_gondor_swordsmen_pl|Gondorskich Zbrojnych
trp_gondor_veteran_swordsmen|Doborowy Gondorski Zbrojny
trp_gondor_veteran_swordsmen_pl|Doborowych Gondorskich Zbrojnych
trp_swordsmen_of_the_tower_guard|Zbrojny Gwardii Białej Wieży
trp_swordsmen_of_the_tower_guard_pl|Zbrojnych Gwardii Białej Wieży
trp_gondor_noblemen|Gondorski Szlachcic
trp_gondor_noblemen_pl|Gondorskich Szlachciców
trp_squire_of_gondor|Gondorski Squire
trp_squire_of_gondor_pl|Gondorskich Squire
trp_veteran_squire_of_gondor|Doświadczony Gondorski Squire
trp_veteran_squire_of_gondor_pl|Doświadczonych Gondorskich Squire
trp_knight_of_gondor|Gondorski Rycerz
trp_knight_of_gondor_pl|Gondorskich Rycerzy
trp_veteran_knight_of_gondor|Doborowy Gondorski Rycerz
trp_veteran_knight_of_gondor_pl|Doborowych Gondorskich Rycerzy
trp_knight_of_the_citadel|Rycerz Cytadeli
trp_knight_of_the_citadel_pl|Rycerzy Cytadeli
trp_bowmen_of_gondor|Gondorski Łucznik
trp_bowmen_of_gondor_pl|Gondorskich Łuczników
trp_archer_of_gondor|Gondorski Strzelec
trp_archer_of_gondor_pl|Gondorskich Strzelców
trp_veteran_archer_of_gondor|Doborowy Gondorski Strzelec
trp_veteran_archer_of_gondor_pl|Doborowych Gondorskich Strzelców
trp_archer_of_the_tower_guard|Strzelec Straży Białej Wieży
trp_archer_of_the_tower_guard_pl|Strzelców Straży Białej Wieży
trp_steward_guard|Gwardzista Namiestnika
trp_steward_guard_pl|Gwardzistów Namiestnika
trp_ranger_of_ithilien|Strażnik Ithilien
trp_ranger_of_ithilien_pl|Strażników Ithilien
trp_veteran_ranger_of_ithilien|Doświadczony Strażnik Ithilien
trp_veteran_ranger_of_ithilien_pl|Doświadczonych Strażników Ithilien
trp_master_ranger_of_ithilien|Doborowy Strażnik Ithilien
trp_master_ranger_of_ithilien_pl|Doborowych Strażników Ithilien
trp_ithilien_leader|Kapitan Strażników Ithilien
trp_ithilien_leader_pl|Kapitanów Strażników Ithilien
trp_woodsman_of_lossarnach|Drwal z Lossarnach
trp_woodsman_of_lossarnach_pl|Drwali z Lossarnach
trp_axeman_of_lossarnach|Topornik z Lossarnach
trp_axeman_of_lossarnach_pl|Toporników z Lossarnach
trp_vet_axeman_of_lossarnach|Doborowy Topornik Lossarnach
trp_vet_axeman_of_lossarnach_pl|Doborowych Toporników Lossarnach
trp_heavy_lossarnach_axeman|Ciężki Topornik Lossarnach
trp_heavy_lossarnach_axeman_pl|Ciężkich Toporników Lossarnach
trp_axemaster_of_lossarnach|Mistrz Topora z Lossarnach
trp_axemaster_of_lossarnach_pl|Mistrzów Topora z Lossarnach
trp_lossarnach_leader|Kapitan Lossarnach
trp_lossarnach_leader_pl|Kapitanów Lossarnach
trp_pelargir_watchman|Wartownik Pelargir
trp_pelargir_watchman_pl|Wartowników Pelargir
trp_pelargir_marine|Żołnierz Piechoty Morskiej Pelargir
trp_pelargir_marine_pl|Żołnierzy Piechoty Morskiej Pelargir
trp_pelargir_vet_marine|Doborowy Żołnierz Piechoty Morskiej Pelargir
trp_pelargir_vet_marine_pl|Doborowych Żołnierzy Piechoty Morskiej Pelargir
trp_pelargir_infantry|Piechur Pelargir
trp_pelargir_infantry_pl|Piechurów Pelargir
trp_pelargir_vet_infantry|Doborowy Piechur Pelargir
trp_pelargir_vet_infantry_pl|Doborowych Piechurów Pelargir
trp_pelargir_leader|Kapitan Pelargir
trp_pelargir_leader_pl|Kapitanów Pelargir
trp_pelargir_marine_leader|Kapitan Piechoty Morskiej Pelargir
trp_pelargir_marine_leader_pl|Kapitanów Piechoty Morskiej Pelargir
trp_clansman_of_lamedon|Członek Klanu Lamedon
trp_clansman_of_lamedon_pl|Członków Klanu Lamedon
trp_footman_of_lamedon|Pieszy Lamedon
trp_footman_of_lamedon_pl|Pieszych Lamedon
trp_veteran_of_lamedon|Weteran Lamedon
trp_veteran_of_lamedon_pl|Weteranów Lamedon
trp_warrior_of_lamedon|Wojownik Lamedon
trp_warrior_of_lamedon_pl|Wojowników Lamedon
trp_champion_of_lamedon|Mistrz Lamedon
trp_champion_of_lamedon_pl|Mistrz Lamedon
trp_knight_of_lamedon|Rycerz Lamedon
trp_knight_of_lamedon_pl|Rycerzy Lamedon
trp_lamedon_leader|Kapitan Lamedon
trp_lamedon_leader_pl|Kapitanów Lamedon
trp_pinnath_gelin_plainsman|Mieszkaniec Pinnath Gelin
trp_pinnath_gelin_plainsman_pl|Mieszkańców Pinnath Gelin
trp_pinnath_gelin_spearman|Włócznik Pinnath Gelin
trp_pinnath_gelin_spearman_pl|Włóczników Pinnath Gelin
trp_warrior_of_pinnath_gelin|Wojownik Pinnath Gelin
trp_warrior_of_pinnath_gelin_pl|Wojowników Pinnath Gelin
trp_pinnath_gelin_bowman|Łucznik Pinnath Gelin
trp_pinnath_gelin_bowman_pl|Łuczników Pinnath Gelin
trp_pinnath_gelin_archer|Strzelec Pinnath Gelin
trp_pinnath_gelin_archer_pl|Strzelców Pinnath Gelin
trp_pinnath_leader|Kapitan Pinnath Gelin
trp_pinnath_leader_pl|Kapitanów Pinnath Gelin
trp_blackroot_vale_archer|Myśliwy Blackroot Vale
trp_blackroot_vale_archer_pl|Myśliwych Blackroot Vale
trp_veteran_blackroot_vale_archer|Łucznik Blackroot Vale
trp_veteran_blackroot_vale_archer_pl|Łuczników Blackroot Vale
trp_master_blackroot_vale_archer|Strzelec Blackroot Vale
trp_master_blackroot_vale_archer_pl|Strzelców Blackroot Vale
trp_footman_of_blackroot_vale|Pieszy Blackroot Vale
trp_footman_of_blackroot_vale_pl|Pieszych Blackroot Vale
trp_spearman_of_blackroot_vale|Włócznik Blackroot Vale
trp_spearman_of_blackroot_vale_pl|Włóczników Blackroot Vale
trp_blackroot_leader|Kapitan Blackroot Vale
trp_blackroot_leader_pl|Kapitanów Blackroot Vale
trp_dol_amroth_youth|Rekrut Dol Amroth
trp_dol_amroth_youth_pl|Rekrutów Dol Amroth
trp_squire_of_dol_amroth|Giermek Dol Amroth
trp_squire_of_dol_amroth_pl|Giermków Dol Amroth
trp_veteran_squire_of_dol_amroth|Doświadczony Giermek Dol Amroth
trp_veteran_squire_of_dol_amroth_pl|Doświadczonych Giermków Dol Amroth
trp_knight_of_dol_amroth|Rycerz Dol Amroth
trp_knight_of_dol_amroth_pl|Rycerz Dol Amroth
trp_veteran_knight_of_dol_amroth|Doborowy Rycerz Dol Amroth
trp_veteran_knight_of_dol_amroth_pl|Doborowych Rycerzy Dol Amroth
trp_swan_knight_of_dol_amroth|Łabędzi Rycerz Dol Amroth
trp_swan_knight_of_dol_amroth_pl|Łabędzich Rycerzy Dol Amroth
trp_dol_amroth_leader|Kapitan Dol Amroth
trp_dol_amroth_leader_pl|Kapitanów Dol Amroth
trp_lothlorien_scout|Zwiadowca Lothlorien
trp_lothlorien_scout_pl|Zwiadowców Lothlorien
trp_lothlorien_veteran_scout|Doświadczony Zwiadowca Lothlorien
trp_lothlorien_veteran_scout_pl|Doświadczonych ZwiadowcówLothlorien
trp_lothlorien_archer|Strzelec Lothlorien
trp_lothlorien_archer_pl|Strzelców Lothlorien
trp_lothlorien_veteran_archer|Doborowy Strzelec Lothlorien
trp_lothlorien_veteran_archer_pl|Doborowych Strzelców Lothlorien
trp_lothlorien_master_archer|Mistrz Łuku Lothlorien
trp_lothlorien_master_archer_pl|Mistrzów Łuku Lothlorien
trp_galadhrim_royal_archer|Galadhrimski Królewski Strzelec
trp_galadhrim_royal_archer_pl|Galadhrimskich Królewskich Strzelców
trp_galadhrim_royal_marksman|Galadhrimski Królewski Mistrz Łuku
trp_galadhrim_royal_marksman_pl|Galadhrimskich Królewskich Mistrzów Łuku
trp_noldorin_mounted_archer|Noldorski Strzelec Konny
trp_noldorin_mounted_archer_pl|Noldorskich Strzelców Konnych
trp_lothlorien_infantry|Piechur Lothlorien
trp_lothlorien_infantry_pl|Piechurów Lothlorien
trp_lothlorien_veteran_infantry|Doborowy Piechur Lothlorien
trp_lothlorien_veteran_infantry_pl|Doborowych Piechurów Lothlorien
trp_lothlorien_elite_infantry|Elitarny Piechur Lothlorien
trp_lothlorien_elite_infantry_pl|Elitarnych Piechurów Lothlorien
trp_galadhrim_royal_swordsman|Galadhrimski Królewski Zbrojny
trp_galadhrim_royal_swordsman_pl|Galadhrimskich Królewskich Zbrojnych
trp_lothlorien_warden|Strażnik Lothlorien
trp_lothlorien_warden_pl|Strażników Lothlorien
trp_lothlorien_veteran_warden|Doświadczony Strażnik Lothlorien
trp_lothlorien_veteran_warden_pl|Doświadczonych Strażników Lothlorien
trp_galadhrim_royal_warden|Galadhrimski Królewski Strażnik
trp_galadhrim_royal_warden_pl|Galadhrimskich Królewskich Strażników
trp_lothlorien_standard_bearer|Chorąży Lothlorien
trp_lothlorien_standard_bearer_pl|Chorążych Lothlorien
trp_greenwood_scout|Zwiadowca Zielonego Lasu
trp_greenwood_scout_pl|Zwiadowców Zielonego Lasu
trp_greenwood_veteran_scout|Doświadczony Zwiadowca Zielonego Lasu
trp_greenwood_veteran_scout_pl|Doświadczonych Zwiadowców Zielonego Lasu
trp_greenwood_archer|Łucznik Zielonego Lasu
trp_greenwood_archer_pl|Łuczników Zielonego Lasu
trp_greenwood_veteran_archer|Strzelec Zielonego Lasu
trp_greenwood_veteran_archer_pl|Strzelców Zielonego Lasu
trp_greenwood_master_archer|Doborowy Strzelec Zielonego Lasu
trp_greenwood_master_archer_pl|Doborowych Strzelców Zielonego Lasu
trp_thranduils_royal_marksman|Królewski Mistrz Łuku Thranduila
trp_thranduils_royal_marksman_pl|Królewskich Mistrzów Łuku Thranduila
trp_greenwood_sentinel|Wartownik Zielonego Lasu
trp_greenwood_sentinel_pl|Wartowników Zielonego Lasu
trp_greenwood_vet_sentinel|Doświadczony Wartownik Zielonego Lasu
trp_greenwood_vet_sentinel_pl|Doświadczonych Wartowników Zielonego Lasu
trp_mirkwood_guardsman|Strażnik Zielonego Lasu
trp_mirkwood_guardsman_pl|Strażników Zielonego Lasu
trp_greenwood_spearman|Piechur Zielonego Lasu
trp_greenwood_spearman_pl|Piechurów Zielonego Lasu
trp_greenwood_veteran_spearman|Doborowy Piechur Zielonego Lasu
trp_greenwood_veteran_spearman_pl|Doborowych Piechurów Zielonego Lasu
trp_greenwood_royal_spearman|Elitarny Piechur Zielonego Lasu
trp_greenwood_royal_spearman_pl|Elitarnych Piechurów Zielonego Lasu
trp_thranduils_royal_swordsman|Królewski Zbrojny Thranduila
trp_thranduils_royal_swordsman_pl|Królewskich Zbrojnych Thranduila
trp_thranduils_spearman|Królewski Włócznik Thranduila
trp_thranduils_spearman_pl|Królewskich Włóczników Thranduila
trp_greenwood_standard_bearer|Chorąży Zielonego Lasu
trp_greenwood_standard_bearer_pl|Chorążych Zielonego Lasu
trp_rivendell_scout|Zwiadowca Rivendell
trp_rivendell_scout_pl|Zwiadowców Rivendell
trp_rivendell_veteran_scout|Doświadczony Zwiadowca Rivendell
trp_rivendell_veteran_scout_pl|Doświadczonych Zwiadowców Rivendell
trp_rivendell_sentinel|Wartownik Rivendell
trp_rivendell_sentinel_pl|Wartowników Rivendell
trp_rivendell_veteran_sentinel|Doświadczony Wartownik Rivendell
trp_rivendell_veteran_sentinel_pl|Doświadczonych Wartowników Rivendell
trp_rivendell_elite_sentinel|Elitarny Wartownik Rivendell
trp_rivendell_elite_sentinel_pl|Elitarnych Wartowników Rivendell
trp_rivendell_guardian|Strażnik Rivendell
trp_rivendell_guardian_pl|Strażników Rivendell
trp_rivendell_infantry|Piechur Rivendell
trp_rivendell_infantry_pl|Piechurów Rivendell
trp_rivendell_veteran_infantry|Doborowy Piechur Rivendell
trp_rivendell_veteran_infantry_pl|Doborowych Piechurów Rivendell
trp_rivendell_elite_infantry|Elitarny Piechur Rivendell
trp_rivendell_elite_infantry_pl|Elitarnych Piechurów Rivendell
trp_rivendell_royal_infantry|Królewski Piechur Rivendell
trp_rivendell_royal_infantry_pl|Królewskich Piechurów Rivendell
trp_rivendell_cavalry|Kawalerzysta Rivendell
trp_rivendell_cavalry_pl|Kawalerzystów Rivendell
trp_knight_of_rivendell|Rycerz Rivendell
trp_knight_of_rivendell_pl|Rycerzy Rivendell
trp_rivendell_standard_bearer|Chorąży Rivendell
trp_rivendell_standard_bearer_pl|Chorążych Rivendell
trp_dunedain_scout|Zwiadowca Dunedainów
trp_dunedain_scout_pl|Zwiadowców Dunedainów
trp_dunedain_trained_scout|Tropiciel Dunedainów
trp_dunedain_trained_scout_pl|Tropicieli Dunedainów
trp_arnor_man_at_arms|Arnorski Zbrojny
trp_arnor_man_at_arms_pl|Arnorskich Zbrojnych
trp_arnor_master_at_arms|Arnorski Mistrz Miecza
trp_arnor_master_at_arms_pl|Arnorskich Mistrzów Miecza
trp_high_swordsman_of_arnor|Arnorski Fechmistrz
trp_high_swordsman_of_arnor_pl|Arnorskich Fechmistrzów
trp_arnor_horsemen|Arnorski Konny
trp_arnor_horsemen_pl|Arnorskich Konnych
trp_knight_of_arnor|Rycerz Arnoru
trp_knight_of_arnor_pl|Rycerzy Arnoru
trp_dunedain_ranger|Strażnik Dunedainów
trp_dunedain_ranger_pl|Strażników Dunedainów
trp_dunedain_veteran_ranger|Doświadczony Strażnik Dunedainów
trp_dunedain_veteran_ranger_pl|Doświadczonych Strażników Dunedainów
trp_dunedain_master_ranger|Elitarny Strażnik Dunedainów
trp_dunedain_master_ranger_pl|Elitarnych Strażników Dunedainów
trp_rohan_youth|Rohański Młodzik
trp_rohan_youth_pl|Rohańskich Młodzików
trp_guardsman_of_rohan|Strażnik Rohanu
trp_guardsman_of_rohan_pl|Strażników Rohanu
trp_footman_of_rohan|Rohański Piechur
trp_footman_of_rohan_pl|Rohańskich Piechurów
trp_veteran_footman_of_rohan|Doborowy Rohański Piechur
trp_veteran_footman_of_rohan_pl|Doborowych Rohańskich Piechurów
trp_elite_footman_of_rohan|Elitarny Rohański Piechur
trp_elite_footman_of_rohan_pl|Elitarnych Rohańskich Piechurów
trp_folcwine_guard_of_rohan|Rohański Strażnik Folcwine
trp_folcwine_guard_of_rohan_pl|Rohańskich Strażników Folcwine
trp_raider_of_rohan|Jeździec Frealafa
trp_raider_of_rohan_pl|Jeźdźców Frealafa
trp_heavy_swordsman_of_rohan|Ciężki Rohański Zbrojny
trp_heavy_swordsman_of_rohan_pl|Ciężkich Rohańskich Zbrojnych
trp_warden_of_methuseld|Strażnik Złotego Dworu
trp_warden_of_methuseld_pl|Strażników Złotego Dworu
trp_skirmisher_of_rohan|Rohański Harcownik
trp_skirmisher_of_rohan_pl|Rohańskich Harcowników
trp_veteran_skirmisher_of_rohan|Doświadczony Rohański Harcownik
trp_veteran_skirmisher_of_rohan_pl|Doświadczonych Rohańskich Harcowników
trp_elite_skirmisher_of_rohan|Elitarny Rohański Harcownik
trp_elite_skirmisher_of_rohan_pl|Elitarnych Rohańskich Harcowników
trp_thengel_guard_of_rohan|Rohański Gwardzista Thengela
trp_thengel_guard_of_rohan_pl|Rohańskich Gwardzsitów Thengela
trp_lancer_of_rohan|Rohański Lansjer
trp_lancer_of_rohan_pl|Rohańskich Lansjerów
trp_elite_lancer_of_rohan|Elitarny Rohański Lansjer
trp_elite_lancer_of_rohan_pl|Elitarnych Rohańskich Lansjerów
trp_brego_guard_of_rohan|Rohański Strażnik Brego
trp_brego_guard_of_rohan_pl|Rohańskich Strażników Brego
trp_king_s_man_of_rohan|Gwardzista Króla
trp_king_s_man_of_rohan_pl|Gwardzistów Króla
trp_squire_of_rohan|Rohański Giermek
trp_squire_of_rohan_pl|Rohańskich Giermków
trp_rider_of_rohan|Rohański Jeździec
trp_rider_of_rohan_pl|Rohańskich Jeźdźców
trp_veteran_rider_of_rohan|Doborowy Rohański Jeździec
trp_veteran_rider_of_rohan_pl|Doborowych Rohańskich Jeźdźców
trp_elite_rider_of_rohan|Elitarny Rohański Jeździec
trp_elite_rider_of_rohan_pl|Elitarnych Rohańskich Jeźdźców
trp_eorl_guard_of_rohan|Rohański Gwardzista Eorla
trp_eorl_guard_of_rohan_pl|Rohańskich Gwardzistów Eorla
trp_dismounted_skirmisher_of_rohan|Rohański Harcownik
trp_dismounted_skirmisher_of_rohan_pl|Rohańskich Harcowników
trp_dismounted_veteran_skirmisher_of_rohan|Doświadczony Rohański Harcownik
trp_dismounted_veteran_skirmisher_of_rohan_pl|Doświadczonych Rohańskich Harcowników
trp_dismounted_elite_skirmisher_of_rohan|Elitarny Rohański Harcownik
trp_dismounted_elite_skirmisher_of_rohan_pl|Elitarnych Rohańskich Harcowników
trp_dismounted_thengel_guard_of_rohan|Rohański Gwardzista Thengela
trp_dismounted_thengel_guard_of_rohan_pl|Rohańskich Gwardzistów Thengela
trp_harad_desert_warrior|Haradrimski Poborowy
trp_harad_desert_warrior_pl|Haradrimskich Poborowych
trp_harad_infantry|Haradrimski Lekki Piechur
trp_harad_infantry_pl|Haradrimskich Lekkich Piechurów
trp_harad_veteran_infantry|Haradrimski Włócznik
trp_harad_veteran_infantry_pl|Haradrimskich Włóczników
trp_harad_tiger_guard|Gwardzista Tygrysa
trp_harad_tiger_guard_pl|Gwardzistów Tygrysa
trp_harad_swordsman|Haradrimski Zbrojny
trp_harad_swordsman_pl|Haradrimskich Zbrojnych
trp_harad_lion_guard|Gwardzista Lwa
trp_harad_lion_guard_pl|Gwardzistów Lwa
trp_harad_skirmisher|Haradrimski Harcownik
trp_harad_skirmisher_pl|Haradrimskich Harcowników
trp_harad_archer|Haradrimski Strzelec
trp_harad_archer_pl|Haradrimskich Strzelców
trp_harad_eagle_guard|Gwardzista Orła
trp_harad_eagle_guard_pl|Gwardzistów Orła
trp_harondor_scout|Zwiadowca z Harondoru
trp_harondor_scout_pl|Zwiadowców z Harondoru
trp_harondor_rider|Jeździec z Harondoru
trp_harondor_rider_pl|Jeźdźców z Harondoru
trp_harondor_light_cavalry|Lekki Kawalerzysta z Harondoru
trp_harondor_light_cavalry_pl|Lekkich Kawalerzystów z Harondoru
trp_fang_heavy_cavalry|Ciężki Kawalerzysta Kła
trp_fang_heavy_cavalry_pl|Ciężkich Kawalerzystów Kła
trp_harad_horse_archer|Haradrimski Strzelec Konny
trp_harad_horse_archer_pl|Haradrimskich Strzelców Konnych
trp_black_snake_horse_archer|Strzelec Konny Czarnego Węża
trp_black_snake_horse_archer_pl|Strzelców Konnych Czarnego Węża
trp_gold_serpent_horse_archer|Strzelec Konny Złotego Węża
trp_gold_serpent_horse_archer_pl|Strzelców Konnych Złotego Węża
trp_far_harad_tribesman|Plemieniec Dalekiego Haradu
trp_far_harad_tribesman_pl|Plemieńców Dalekiego Haradu
trp_far_harad_champion|Mistrz Dalekiego Haradu
trp_far_harad_champion_pl|Mistrzów Dalekiego Haradu
trp_far_harad_panther_guard|Gwardzista Pantery
trp_far_harad_panther_guard_pl|Gwardzistów Pantery
trp_dunnish_wildman|Dunlandzki Dziki
trp_dunnish_wildman_pl|Dunlandzkich Dzikich
trp_dunnish_warrior|Dunlandzki Wojownik
trp_dunnish_warrior_pl|Dunlandzkich Wojowników
trp_dunnish_pikeman|Dunlandzki Pikinier
trp_dunnish_pikeman_pl|Dunlandzkich Pikinierów
trp_dunnish_veteran_pikeman|Doborowy Dunlandzki Pikinier
trp_dunnish_veteran_pikeman_pl|Doborowych Dunlandzkich Pkinierów
trp_dunnish_raven_rider|Dunlandzki Kruczy Jeździec
trp_dunnish_raven_rider_pl|Dunlandzkich Kruczych Jeźdźców
trp_dunnish_vet_warrior|Doświadczony Dunlandzki Wojownik
trp_dunnish_vet_warrior_pl|Doświadczonych Dunlandzkich Wojowników
trp_dunnish_wolf_warrior|Dunlandzki Wilczy Wojownik
trp_dunnish_wolf_warrior_pl|Dunlandzkich Wilczych Wojowników
trp_dunnish_wolf_guard|Dunlandzki Wilczy Gwardzista
trp_dunnish_wolf_guard_pl|Dunlandzkich Wilczych Gwardzistów
trp_dunnish_chieftan|Dunlandzki Herszt
trp_dunnish_chieftan_pl|Dunlandzkich Hersztów
trp_easterling_youth|Niewolnik Variagów
trp_easterling_youth_pl|Niewolników Variagów
trp_easterling_warrior|Khandyjski Wojownik
trp_easterling_warrior_pl|Khandyjskich Wojowników
trp_easterling_axeman|Topornik Variagów
trp_easterling_axeman_pl|Topornik Variagów
trp_easterling_veteran_axeman|Doborowy Topornik Variagów
trp_easterling_veteran_axeman_pl|Doborowych Toporników Variagów
trp_easterling_axe_master|Mistrz Topora Variagów
trp_easterling_axe_master_pl|Mistrzów Topora Variagów
trp_easterling_rider|Jeździec Variagów
trp_easterling_rider_pl|Jeźdźców Variagów
trp_easterling_horseman|Konny Variagów
trp_easterling_horseman_pl|Konnych Variagów
trp_easterling_veteran_horseman|Ciężki Konny Variagów
trp_easterling_veteran_horseman_pl|Ciężkich Konnych Variagów
trp_easterling_horsemaster|Katafrakt Variagów
trp_easterling_horsemaster_pl|Katafraktów Variagów
trp_easterling_lance_kataphract|Katafrakt Lansjer Variagów
trp_easterling_lance_kataphract_pl|Katafraktów Lansjerów Variagów
trp_khand_glaive_whirler|Khandyjski Mistrz Ostrzy
trp_khand_glaive_whirler_pl|Khandyjskich Mistrzów Ostrzy
trp_variag_veteran_glaive_whirler|Doborowy Khandyjski Mistrz Ostrzy
trp_variag_veteran_glaive_whirler_pl|Doborowych Khandyjskich Mistrzów Ostrzy
trp_khand_glaive_master|Khandyjski Mistrz Halabardy
trp_khand_glaive_master_pl|Khandyjskich Mistrzów Halabardy
trp_variag_pitfighter|Gladiator  Variagów
trp_variag_pitfighter_pl|Gladiatorów Variagów
trp_variag_gladiator|Berserker Variagów
trp_variag_gladiator_pl|Berserkerów Variagów
trp_easterling_skirmisher|Harcownik Variagów
trp_easterling_skirmisher_pl|Harcowników Variagów
trp_easterling_veteran_skirmisher|Doświadczony Harcownik Variagów
trp_easterling_veteran_skirmisher_pl|Doświadczonych Harcowników Variagów
trp_easterling_elite_skirmisher|Elitarny Harcownik Variagów
trp_easterling_elite_skirmisher_pl|Elitarnych Harcowników Variagów
trp_corsair_youth|Umbarski Żeglarz
trp_corsair_youth_pl|Umbarskich Żeglarzy
trp_corsair_warrior|Umbarski Wojownik
trp_corsair_warrior_pl|Umbarskich Wojowników
trp_corsair_pikeman|Umbarski Pikinier
trp_corsair_pikeman_pl|Umbarskich Pikinierów
trp_corsair_veteran_raider|Umbarski Doświadczony Łupieżca
trp_corsair_veteran_raider_pl|Umbarskich Doświadczonych Łupieżców
trp_corsair_night_raider|Umbarski Nocny Łupieżca
trp_corsair_night_raider_pl|Umbarskich Nocnych Łupieżców
trp_militia_of_umbar|Umbarski Milicjant
trp_militia_of_umbar_pl|Umbarskich Milicjantów
trp_marksman_of_umbar|Umbarski Harcownik
trp_marksman_of_umbar_pl|Umbarskich Harcowników
trp_veteran_marksman_of_umbar|Doświadczony Umbarski Harcownik
trp_veteran_marksman_of_umbar_pl|Doświadczonych Umbarskich Harcowników
trp_master_marksman_of_umbar|Elitarny Umbarski Harcownik
trp_master_marksman_of_umbar_pl|Elitarnych Umbarskich Harcowników
trp_corsair_marauder|Umbarski Zbrojny
trp_corsair_marauder_pl|Umbarskich Zbrojnych
trp_corsair_veteran_marauder|Doświadczony Umbarski Zbrojny
trp_corsair_veteran_marauder_pl|Doświadczonych Umbarskich Zbrojnych
trp_corsair_elite_marauder|Korsarski Mistrz Miecza
trp_corsair_elite_marauder_pl|Korsarskich Mistrzów Miecza
trp_assassin_of_umbar|Umbarski Zabójca
trp_assassin_of_umbar_pl|Umbarskich Zabójców
trp_master_assassin_of_umbar|Korsarz Zabójca
trp_master_assassin_of_umbar_pl|Korsarzy Zabójców
trp_pikeman_of_umbar|Umbarski Pikinier
trp_pikeman_of_umbar_pl|Umbarskich Pikinierów
trp_veteran_pikeman_of_umbar|Umbarski Doborowy Pikinier
trp_veteran_pikeman_of_umbar_pl|Umbarskich Doborowych Pikinierów
trp_pike_master_of_umbar|Korsarski Mistrz Piki
trp_pike_master_of_umbar_pl|Korsarskich Mistrzów Piki
trp_orc_snaga_of_isengard|Isengardzki Ork Snaga
trp_orc_snaga_of_isengard_pl|Isengardzkich Orków Snaga
trp_orc_of_isengard|Isengardzki Ork
trp_orc_of_isengard_pl|Isengardzkich Orków
trp_large_orc_of_isengard|Isengardzki Wielki Ork
trp_large_orc_of_isengard_pl|Isengardzkich Wielkich Orków
trp_fell_orc_of_isengard|Isengardzki Dziki Ork
trp_fell_orc_of_isengard_pl|Isengardzkich Dzikich Orków
trp_large_orc_despoiler|Wielki Ork Grabieżca
trp_large_orc_despoiler_pl|Wielkich Orków Grabieżców
trp_fell_orc_despoiler|Dziki Ork Grabieżca
trp_fell_orc_despoiler_pl|Dzikich Orków Grabieżców
trp_wolf_rider_of_isengard|Isengardzki Wilczy Jeździec
trp_wolf_rider_of_isengard_pl|Isengardzkich Wilczych Jeźdźców
trp_warg_rider_of_isengard|Isengardzki Jeździec Wargów
trp_warg_rider_of_isengard_pl|Isengardzkich Jeźdźców Wargów
trp_white_hand_rider|Jeździec Białej Ręki
trp_white_hand_rider_pl|Jeźdźców Białej Ręki
trp_warg_ghost_1b|Warg
trp_warg_ghost_1b_pl|Wargów
trp_warg_ghost_1c|Warg
trp_warg_ghost_1c_pl|Wargów
trp_warg_ghost_1d|Warg
trp_warg_ghost_1d_pl|Wargów
trp_warg_ghost_a1b|Warg
trp_warg_ghost_a1b_pl|Wargów
trp_warg_ghost_a1c|Opancerzony Warg
trp_warg_ghost_a1c_pl|Opancerzonych Wargów
trp_warg_ghost_a2b|Opancerzony Warg
trp_warg_ghost_a2b_pl|Opancerzonych Wargów
trp_warg_ghost_a2c|Opancerzony Warg
trp_warg_ghost_a2c_pl|Opancerzonych Wargów
trp_warg_ghost_a3a|Opancerzony Warg
trp_warg_ghost_a3a_pl|Opancerzonych Wargów
trp_warg_ghost_h|Olbrzymi Warg
trp_warg_ghost_h_pl|Olbrzymich Wargów
trp_uruk_hai_tracker|Tropiciel Uruk-Hai
trp_uruk_hai_tracker_pl|Tropicieli Uruk-Hai
trp_large_uruk_hai_tracker|Wielki Tropiciel Uruk-Hai
trp_large_uruk_hai_tracker_pl|Wielkich Tropicieli Uruk-Hai
trp_fighting_uruk_hai_tracker|Waleczny Tropiciel Uruk-Hai
trp_fighting_uruk_hai_tracker_pl|Walecznych Tropicieli Uruk-Hai
trp_fighting_uruk_hai_berserker|Waleczny Berserker Uruk-Hai
trp_fighting_uruk_hai_berserker_pl|Walecznych Berserkerów Uruk-Hai
trp_uruk_snaga_of_isengard|Pomiot Uruk-Hai
trp_uruk_snaga_of_isengard_pl|Pomiotów Uruk-Hai
trp_uruk_hai_of_isengard|Isengardzki Uruk-Hai
trp_uruk_hai_of_isengard_pl|Isengardzkich Uruk-Hai
trp_large_uruk_hai_of_isengard|Isengardzki Wielki Uruk-Hai
trp_large_uruk_hai_of_isengard_pl|Isengardzkich Wielkich Uruk-Hai
trp_fighting_uruk_hai_warrior|Waleczny Wojownik Uruk-Hai
trp_fighting_uruk_hai_warrior_pl|Walecznych Wojowników Uruk-Hai
trp_fighting_uruk_hai_champion|Waleczny Czempion Uruk-Hai
trp_fighting_uruk_hai_champion_pl|Walecznych Czempion Uruk-Hai
trp_uruk_hai_pikeman|Pikinier Uruk-Hai
trp_uruk_hai_pikeman_pl|Pikinierów Uruk-Hai
trp_fighting_uruk_hai_pikeman|Waleczny Pikinier Uruk-Hai
trp_fighting_uruk_hai_pikeman_pl|Walecznych Pikinierów Uruk-Hai
trp_urukhai_standard_bearer|Chorąży Uruk-Hai
trp_urukhai_standard_bearer_pl|Chorążych Uruk-Hai
trp_uruk_snaga_of_mordor|Mordorski Uruk Snaga
trp_uruk_snaga_of_mordor_pl|Mordorskich Uruków Snaga
trp_uruk_of_mordor|Mordorski Uruk
trp_uruk_of_mordor_pl|Mordorskich Uruków
trp_large_uruk_of_mordor|Mordorski Wielki Uruk
trp_large_uruk_of_mordor_pl|Mordorskich Wielkich Uruków
trp_fell_uruk_of_mordor|Mordorski Dziki Uruk
trp_fell_uruk_of_mordor_pl|Mordorskich Dzikich Uruków
trp_uruk_slayer_of_mordor|Mordorski Uruk Siepacz
trp_uruk_slayer_of_mordor_pl|Mordorskich Uruków Siepaczy
trp_fell_uruk_slayer_of_mordor|Mordorski Dziki Uruk Siepacz
trp_fell_uruk_slayer_of_mordor_pl|Mordorskich Dzikich Uruków Siepaczy
trp_black_uruk_of_barad_dur|Czarny Uruk Barad-Dur
trp_black_uruk_of_barad_dur_pl|Czarnych Uruków Barad-Dur
trp_uruk_mordor_standard_bearer|Mordorski Dowódca
trp_uruk_mordor_standard_bearer_pl|Mordorskich Dowódców
trp_troll_of_moria|Trol z Morii
trp_troll_of_moria_pl|Troli z Morii
trp_armoured_troll|Opancerzony Trol
trp_armoured_troll_pl|Opancerzonych Troli
trp_olog_hai|Mordorski Olog-Hai
trp_olog_hai_pl|Mordorskich Olog-Hai
trp_ent|Ent
trp_ent_pl|Entów
trp_orc_snaga_of_guldur|Ork Snaga Dol Guldur
trp_orc_snaga_of_guldur_pl|Orków Snaga Dol Guldur
trp_orc_of_guldur|Ork Dol Guldur
trp_orc_of_guldur_pl|Orków Dol Guldur
trp_orc_snaga_of_mordor|Mordorski Ork Snaga
trp_orc_snaga_of_mordor_pl|Mordorskich Orków Snaga
trp_orc_of_mordor|Mordorski Ork
trp_orc_of_mordor_pl|Mordorskich Orków
trp_large_orc_of_mordor|Mordorski Wielki Ork
trp_large_orc_of_mordor_pl|Mordorskich Wielkich Orków
trp_fell_orc_of_mordor|Mordorski Dziki Ork
trp_fell_orc_of_mordor_pl|Mordorskich Dzikich Orków
trp_warg_rider_of_gorgoroth|Jeździec Wargów Gorgoroth
trp_warg_rider_of_gorgoroth_pl|Jeźdźców Wargów Gorgoroth
trp_great_warg_rider_of_mordor|Mordorski Doświadczony Jeździec Wargów
trp_great_warg_rider_of_mordor_pl|Mordorskich Doświadczonych Jeźdźców Wargów
trp_morgul_orc|Ork Morgulu
trp_morgul_orc_pl|Orków Morgulu
trp_fell_morgul_orc|Dziki Ork Morgulu
trp_fell_morgul_orc_pl|Dzikich Orków Morgulu
trp_orc_tracker_of_mordor|Mordorski Ork Tropiciel
trp_orc_tracker_of_mordor_pl|Mordorskich Orków Tropicieli
trp_fell_orc_tracker_of_mordor|Mordorski Dziki Ork Tropiciel
trp_fell_orc_tracker_of_mordor_pl|Mordorskich Dzikich Orków Tropicieli
trp_orc_archer_of_mordor|Mordorski Ork Łucznik
trp_orc_archer_of_mordor_pl|Mordorskich Orków Łuczników
trp_large_orc_archer_of_mordor|Mordorski Wielki Ork Łucznik
trp_large_orc_archer_of_mordor_pl|Mordorskich Wielkich Orków Łuczników
trp_fell_orc_archer_of_mordor|Mordorski Dziki Ork Łucznik
trp_fell_orc_archer_of_mordor_pl|Mordorskich Dzikich Orków Łuczników
trp_wolf_rider_of_moria|Wilczy Jeździec z Morii
trp_wolf_rider_of_moria_pl|Wilczych Jeźdźców z Morii
trp_warg_rider_of_moria|Jeździec Wargów z Morii
trp_warg_rider_of_moria_pl|Jeźdźców Wargów z Mori
trp_bolg_clan_rider|Jeździec Klanu Bolga
trp_bolg_clan_rider_pl|Jeźdźców Klanu Bolga
trp_snaga_of_moria|Snaga z Morii
trp_snaga_of_moria_pl|Snaga z Morii
trp_goblin_of_moria|Goblin z Morii
trp_goblin_of_moria_pl|Goblinów z Morii
trp_large_goblin_of_moria|Wielki Goblin z Morii
trp_large_goblin_of_moria_pl|Wielkich Goblinów z Morii
trp_fell_goblin_of_moria|Dziki Goblin z Morii
trp_fell_goblin_of_moria_pl|Dzikich Goblinów z Morii
trp_archer_snaga_of_moria|Łucznik Snaga z Morii
trp_archer_snaga_of_moria_pl|Łuczników Snaga z Morii
trp_large_goblin_archer_of_moria|Wielki Łucznik Goblin z Morii
trp_large_goblin_archer_of_moria_pl|Wielkich Łuczników Goblinów z Morii
trp_fell_goblin_archer_of_moria|Dziki Łucznik Goblin z Morii
trp_fell_goblin_archer_of_moria_pl|Dzikich Łuczników Goblinów z Morii
trp_goblin_gundabad|Gundabadzki Goblin
trp_goblin_gundabad_pl|Gundabadzkich Goblinów
trp_orc_gundabad|Gundabadzki Ork
trp_orc_gundabad_pl|Gundabadzkich Orków
trp_orc_fighter_gundabad|Gundabadzki Ork Wojownik
trp_orc_fighter_gundabad_pl|Gundabadzkich Orków Wojowników
trp_fell_orc_warrior_gundabad|Gundabadzki Dziki Ork Wojownik
trp_fell_orc_warrior_gundabad_pl|Gundabadzkich Dzikich Orków Wojowników
trp_goblin_bowmen_gundabad|Goblini Łucznik z Północy
trp_goblin_bowmen_gundabad_pl|Goblinich Łuczników z Północy
trp_keen_eyed_goblin_archer_gundabad|Goblini Strzelec z Północy
trp_keen_eyed_goblin_archer_gundabad_pl|Goblinich Strzelców z Północy
trp_fell_goblin_archer_gundabad|Dziki Goblini Strzelec z Północy
trp_fell_goblin_archer_gundabad_pl|Dzikich Goblinich Strzelców z Północy
trp_goblin_rider_gundabad|Gundabadzki Goblini Jeździec
trp_goblin_rider_gundabad_pl|Gundabadzkich Goblinich Jeźdźców
trp_warg_rider_gundabad|Gundabadzki Jeździec Wargów
trp_warg_rider_gundabad_pl|Gundabadzkich Jeźdźców Wargów
trp_goblin_north_clan_rider|Goblini Jeździec Północnego Klanu
trp_goblin_north_clan_rider_pl|Goblinich Jeźdźców Północnego Klanu
trp_mountain_goblin|Górski Goblin
trp_mountain_goblin_pl|Górskich Goblinów
trp_tribal_orc|Plemienny Ork
trp_tribal_orc_pl|Plemiennych Orków
trp_tribal_orc_warrior|Plemienny Ork Wojownik
trp_tribal_orc_warrior_pl|Plemiennych Orków Wojowników
trp_tribal_orc_chief|Wódz Plemiennych Orków
trp_tribal_orc_chief_pl|Wodzów Plemiennych Orków
trp_black_numenorean_renegade|Renegat - Czarny Numenorejczyk
trp_black_numenorean_renegade_pl|Renegatów - Czarnych Numenorejczyków
trp_black_numenorean_warrior|Wojownik - Czarny Numenorejczyk
trp_black_numenorean_warrior_pl|Wojowników - Czarnych Numenorejczyków
trp_black_numenorean_veteran_warrior|Doświadczony Wojownik - Czarny Numenorejczyk
trp_black_numenorean_veteran_warrior_pl|Doświadczonych Wojowników - Czarnych Numenorejczyków
trp_black_numenorean_champion|Mistrz - Czarny Numenorejczyk
trp_black_numenorean_champion_pl|Mistrzów - Czarnych Numenorejczyków
trp_black_numenorean_assassin|Zabójca - Czarny Numenorejczyk
trp_black_numenorean_assassin_pl|Zabójców - Czarnych Numenorejczyków
trp_black_numenorean_veteran_horseman|Konny - Czarny Numenorejczyk
trp_black_numenorean_veteran_horseman_pl|Konnych - Czarnych Numenorejczyków
trp_black_numenorean_horsemaster|Mistrz Jeździecki - Czarny Numenorejczyk
trp_black_numenorean_horsemaster_pl|Mistrzów Jeździeckich - Czarnych Numenorejczyków
trp_noldorin_commander|Noldorski Dowódca
trp_noldorin_commander_pl|Noldorskich Dowódców
trp_elf_captain_of_lothlorien|Elficki Kapitan Lothlorien
trp_elf_captain_of_lothlorien_pl|Elfickich Kapitanów Lothlorien
trp_lothlorien_lieutenant|Porucznik Lothlorien
trp_lothlorien_lieutenant_pl|Poruczników Lothlorien
trp_elf_captain_of_mirkwood|Elficki Kapitan Zielonego Lasu
trp_elf_captain_of_mirkwood_pl|Elfickich Kapitanów Zielonego Lasu
trp_mirkwood_lieutenant|Porucznik Zielonego Lasu
trp_mirkwood_lieutenant_pl|Poruczników Zielonego Lasu
trp_elf_captain_of_rivendell|Elficki Kapitan Rivendell
trp_elf_captain_of_rivendell_pl|Elfickich Kapitanów Rivendell
trp_rivendell_lieutenant|Porucznik Rivendell
trp_rivendell_lieutenant_pl|Poruczników Rivendell
trp_lieutenant_of_rohan|Rohański Porucznik
trp_lieutenant_of_rohan_pl|Rohańskich Poruczników
trp_captain_of_rohan|Rohański Kapitan
trp_captain_of_rohan_pl|Rohańskich Kapitanów
trp_high_captain_of_rohan|Rohański Wysoki Kapitan
trp_high_captain_of_rohan_pl|Rohańskich Wysokich Kapitanów
trp_lieutenant_of_isengard|Isengardzki Porucznik
trp_lieutenant_of_isengard_pl|Isengardzkich Poruczników
trp_captain_of_isengard|Isengardzki Kapitan
trp_captain_of_isengard_pl|Isengardzkich Kapitanów
trp_high_captain_of_isengard|Isengardzki Wysoki Kapitan
trp_high_captain_of_isengard_pl|Isengardzkich Wysokich Kapitanów
trp_lieutenant_of_mordor|Mordorski Porucznik
trp_lieutenant_of_mordor_pl|Mordorskich Poruczników
trp_captain_of_mordor|Mordorski Kapitan
trp_captain_of_mordor_pl|Mordorskich Kapitanów
trp_high_captain_of_mordor|Mordorski Wysoki Kapitan
trp_high_captain_of_mordor_pl|Mordorskich Wysokich Kapitanów
trp_easterling_chieftain|Herszt Variagów
trp_easterling_chieftain_pl|Hersztów Variagów
trp_easterling_lieutenant|Wojenny Kapłan Variagów
trp_easterling_lieutenant_pl|Wojennych Kapłanów Variagów
trp_harad_chieftain|Haradrimski Herszt
trp_harad_chieftain_pl|Haradrimskich Hersztów
trp_harad_lieutenant|Haradrimski Porucznik
trp_harad_lieutenant_pl|Haradrimskich Poruczników
trp_black_numenorean_captain|Kapitan Czarnych Numenorejczyków
trp_black_numenorean_captain_pl|Kapitanów Czarnych Numenorejczyków
trp_black_numenorean_lieutenant|Porucznik Czarnych Numenorejczyków
trp_black_numenorean_lieutenant_pl|Poruczników Czarnych Numenorejczyków
trp_dunnish_chieftain|Dunlandzki Herszt
trp_dunnish_chieftain_pl|Dunlandzkich Hersztów
trp_dunnish_lieutenant|Dunlandzki Hetman
trp_dunnish_lieutenant_pl|Dunlandzkich Hetmen
trp_goblin_chieftain|Gobliński Herszt
trp_goblin_chieftain_pl|Goblińskich Hersztów
trp_captain_of_gondor|Gondorski Kapitan
trp_captain_of_gondor_pl|Gondorskich Kapitanów
trp_nobleman|Szlachcic
trp_nobleman_pl|Szlachciców
trp_gondor_agent|Gondorski Agent
trp_gondor_agent_pl|Gondorskich Agentów
trp_rohan_agent|Rohański Agent
trp_rohan_agent_pl|Rohańskich Agentów
trp_mordor_agent|Mordorski Agent
trp_mordor_agent_pl|Mordorskich Agentów
trp_isengard_agent|Isengardzki Agent
trp_isengard_agent_pl|Isengardzkich Agentów
trp_looter|Rabuś
trp_looter_pl|Rabusi
trp_bandit|Bandyta
trp_bandit_pl|Bandytów
trp_brigand|Zbój
trp_brigand_pl|Zbójów
trp_mountain_bandit|Bandyta z Gór
trp_mountain_bandit_pl|Bandytów z Gór
trp_forest_bandit|Leśny Bandyta
trp_forest_bandit_pl|Leśnych Bandytów
trp_sea_raider|Morski Łupieżca
trp_sea_raider_pl|Morskich Łupieżców
trp_steppe_bandit|Bandyta Stepowy
trp_steppe_bandit_pl|Bandytów Stepowych
trp_manhunter|Łowca Głów
trp_manhunter_pl|Łowców Głów
trp_kidnapped_girl|Pojmane Dziewczę
trp_kidnapped_girl_pl|Pojmanych Dziewcząt
trp_refugee|Uchodźca
trp_refugee_pl|Uchodźców
trp_peasant_woman|Chłopka
trp_peasant_woman_pl|Chłopek
trp_caravan_master|Dowódca Karawany
trp_caravan_master_pl|Dowódców Karawan
trp_caravan_guard|Strażnik Karawany
trp_caravan_guard_pl|Strażników Karawany
trp_messenger_man|Posłaniec
trp_messenger_man_pl|Posłańców
trp_messenger_elf|Posłaniec
trp_messenger_elf_pl|Posłańców
trp_messenger_dwarf|Posłaniec
trp_messenger_dwarf_pl|Posłańców
trp_messenger_orc|Posłaniec
trp_messenger_orc_pl|Posłańców
trp_messenger_evil_man|Posłaniec
trp_messenger_evil_man_pl|Posłańców
trp_town_walker_1|Mieszczanin
trp_town_walker_1_pl|Mieszczan
trp_town_walker_2|Mieszczka
trp_town_walker_2_pl|Mieszczek
trp_village_walker_1|Wieśniak
trp_village_walker_1_pl|Wieśniaków
trp_village_walker_2|Wieśniak
trp_village_walker_2_pl|Wieśniaków
trp_spy_walker_1|Mieszczanin
trp_spy_walker_1_pl|Mieszczan
trp_spy_walker_2|Mieszczka
trp_spy_walker_2_pl|Mieszczek
trp_walker_man_gondor_black|Mieszczanin
trp_walker_man_gondor_white|Mieszczanin
trp_walker_man_gondor_blue|Mieszczanin
trp_walker_man_gondor_green|Mieszczanin
trp_walker_man_rohan_t|Rohański Mieszczanin
trp_walker_man_rohan_d|Rohański Mieszczanin
trp_walker_woman_rohan_t|Rohańska Dziewica
trp_walker_woman_rohan_d|Rohańska Dziewica
trp_walker_woman_gondor_b|Gondorska Kobieta
trp_walker_woman_gondor_bw|Gondorska Kobieta
trp_walker_woman_gondor_w|Gondorski Szlachcic
trp_ramun_the_slave_trader|Rumun, Handlarz Niewolników
trp_guide|Szybki Jimmy
trp_galeas|Galeas
trp_farmer_from_bandit_village|Rolnik
trp_farmer_from_bandit_village_pl|Rolników
trp_trainer_1|Instruktor
trp_trainer_2|Instruktor
trp_trainer_3|Instruktor
trp_trainer_4|Instruktor
trp_trainer_gondor|Instruktor
trp_trainer_rohan|Instruktor
trp_trainer_dale|Instruktor
trp_trainer_elf|Instruktor
trp_trainer_beorn|Instruktor
trp_trainer_dwarf|Instruktor
trp_trainer_mordor|Instruktor
trp_trainer_isengard|Instruktor
trp_trainer_khand|Instruktor
trp_trainer_rhun|Instruktor
trp_trainer_harad|Instruktor
trp_trainer_umbar|Instruktor
trp_ransom_broker_1|Wykupiciel
trp_ransom_broker_2|Wykupiciel
trp_ransom_broker_3|Wykupiciel
trp_ransom_broker_4|Wykupiciel
trp_ransom_broker_5|Wykupiciel
trp_ransom_broker_6|Wykupiciel
trp_ransom_broker_7|Wykupiciel
trp_ransom_broker_8|Wykupiciel
trp_ransom_broker_9|Wykupiciel
trp_ransom_broker_10|Wykupiciel
trp_tavern_traveler_1|Podróżny
trp_tavern_traveler_2|Podróżny
trp_tavern_traveler_3|Podróżny
trp_tavern_traveler_4|Podróżny
trp_tavern_traveler_5|Podróżny
trp_tavern_traveler_6|Podróżny
trp_tavern_traveler_7|Podróżny
trp_tavern_traveler_8|Podróżny
trp_tavern_traveler_9|Podróżny
trp_tavern_traveler_10|Podróżny
trp_tavern_minstrel_1|Minstrel
trp_npc1|Mablung
trp_npc2|Cirdil
trp_npc3|Ulfas
trp_npc4|Galmyne
trp_npc5|Glorfindel
trp_npc6|Luevanna
trp_npc7|Kili Złote Palce
trp_npc8|Faniul
trp_npc9|Gulm
trp_npc10|Durgash
trp_npc11|Ufthak
trp_npc12|Gorbag
trp_npc13|Lykyada
trp_npc14|Fuldimir
trp_npc15|Bolzog
trp_npc16|Varfang
trp_npc17|Dimborn
trp_gondor_lord|Namiestnik Denethor
trp_gondor_lord_pl|Namiestnik
trp_rohan_lord|Król Theoden
trp_rohan_lord_pl|Król
trp_isengard_lord|Saruman
trp_isengard_lord_pl|Mistrz
trp_mordor_lord|Usta Saurona
trp_mordor_lord_pl|Satrapa
trp_harad_lord|Wódz Ul-Ulcari
trp_harad_lord_pl|Wódz
trp_rhun_lord|Jarl Helcaroth
trp_rhun_lord_pl|Jarl
trp_khand_lord|Shibh Krukmahur
trp_khand_lord_pl|Shibh
trp_umbar_lord|Admirał Tulmir
trp_umbar_lord_pl|Admirał
trp_lorien_lord|Galadriela
trp_lorien_lord_pl|Lady
trp_imladris_lord|Elrond
trp_imladris_lord_pl|Lord
trp_woodelf_lord|Król Thranduil
trp_woodelf_lord_pl|Król
trp_moria_lord|Bolg Mniejszy
trp_moria_lord_pl|Wódz
trp_guldur_lord|Fuinur
trp_guldur_lord_pl|Wódz
trp_gundabad_lord|Burza Krual
trp_gundabad_lord_pl|Wódz
trp_dale_lord|Król Brand
trp_dale_lord_pl|Król
trp_dwarf_lord|Król Dain II Żelazna Stopa
trp_dwarf_lord_pl|Król
trp_dunland_lord|Daeglaf Czarny
trp_dunland_lord_pl|Wódz
trp_beorn_lord|Grimbeorn Stary
trp_beorn_lord_pl|Wódz
trp_lorien_marshall|Celeborn
trp_pippin_notmet|Niziołek
trp_merry_notmet|Niziołek
trp_pippin|Pippin
trp_merry|Merry
trp_knight_1_1|Angbor
trp_knight_1_2|Baranor
trp_knight_1_3|Książę Imrahil
trp_knight_1_4|Orthalion
trp_knight_1_5|Duinhir
trp_knight_1_6|Hirluin Piękny
trp_knight_1_7|Faramir
trp_knight_1_8|Forlong Gruby
trp_knight_1_9|Grimbold
trp_knight_1_10|Erkenbrand
trp_knight_1_11|Elfhelm
trp_knight_1_12|Hama
trp_knight_1_13|Gamling
trp_knight_1_14|Éomer
trp_knight_1_15|Ugluk
trp_knight_1_16|Mauhur
trp_knight_1_17|Mog Siedmiopalcy
trp_knight_1_18|Hushnak Długonogi
trp_knight_1_19|Gridash Drzewożerca
trp_knight_1_20|Gronk Ludożerca
trp_knight_2_1|Kapitan Mortakh
trp_knight_2_2|Berúthiel
trp_knight_2_3|Skang
trp_knight_2_4|Pharakhâd Bękart
trp_knight_2_5|Grishnakh
trp_knight_2_51|Gothmog
trp_knight_2_51_pl|Porucznik
trp_knight_2_6|Herszt Karna Lew
trp_knight_2_7|Herszt Na’man
trp_knight_2_8|Herszt Haarith
trp_knight_2_11|Kusulak
trp_knight_2_12|Ulwarth Balchoth
trp_knight_2_13|Brodda
trp_knight_2_16|Torask
trp_knight_2_17|Lurmsakun
trp_knight_3_1|Kapitan Morbir
trp_knight_3_2|Kapitan Angamaitë
trp_knight_3_3|Kapitan Sangahyando
trp_knight_3_6|Haldir
trp_knight_3_7|Orophin
trp_knight_3_11|Elladan
trp_knight_3_12|Elrohir
trp_knight_3_13|Halbarad
trp_knight_3_16|Miriel
trp_knight_3_17|Gladvaethor
trp_knight_4_1|Poganiacz Snog
trp_knight_4_2|Poganiacz Snotgor
trp_knight_4_6|Generał Tuskim
trp_knight_4_7|Generał Mugslag
trp_knight_4_11|Beranhelm
trp_knight_4_12|Beranor Blackfur
trp_knight_4_16|Poganiacz Brolgukhsh
trp_knight_4_17|Poganiacz Grumrunt
trp_knight_4_18|Poganiacz Grimsob
trp_knight_5_1|Lord Halward
trp_knight_5_2|Lord Bard
trp_knight_5_3|Lord Esgarain
trp_knight_5_6|Fulgni Długobrody
trp_knight_5_7|Thorin Kamienny Hełm
trp_knight_5_11|Fudreim
trp_knight_5_12|Wulf
trp_smith_mtirith|Kowal Berethor
trp_smith_mtirith_pl|Kowal Namiestnika
trp_smith_pelargir|Mistrz Kowalski Hallatan
trp_smith_pelargir_pl|smithy
trp_smith_linhir|Płatnerz Bor
trp_smith_linhir_pl|smithy
trp_smith_dolamroth|Kowal Haldad
trp_smith_dolamroth_pl|Amroth smiths
trp_smith_edhellond|Ryis Żelaznagłowa
trp_smith_edhellond_pl|smithy
trp_smith_lossarnach|Berin Topornik
trp_smith_lossarnach_pl|smithy
trp_smith_tarnost|Harandil Stalowymłot
trp_smith_tarnost_pl|smithy
trp_smith_erech|Lorne Czarny
trp_smith_erech_pl|smithy
trp_smith_pinnath|Tarandil Miecznik
trp_smith_pinnath_pl|smithy
trp_smith_eosgiliath|Bzurg Rabuś
trp_smith_eosgiliath_pl|smithy
trp_smith_wosgiliath|Gardil
trp_smith_wosgiliath_pl|makeshift smithy
trp_smith_calembel|Agronom
trp_smith_calembel_pl|smithy
trp_smith_hannun|Fal Kowal Zwiadowców
trp_smith_hannun_pl|ranger gear stash
trp_smith_candros|Kalimdor
trp_smith_candros_pl|smithy
trp_smith_edoras|Mistrz Stali Eaoden
trp_smith_edoras_pl|King's smithy
trp_smith_aldburg|Fulm Żelaznostopy
trp_smith_aldburg_pl|smithy
trp_smith_hornburg|Aldhelm
trp_smith_hornburg_pl|smithy
trp_smith_eastemnet|Eadfrid
trp_smith_eastemnet_pl|smithy
trp_smith_westfold|Deor Hełmiarz
trp_smith_westfold_pl|smithy
trp_smith_westemnet|Płatnerz
trp_smith_westemnet_pl|smithy
trp_smith_eastfold|Eaderan Żelazoryt
trp_smith_eastfold_pl|smithy
trp_smith_morannon|Hurbag Wytapiacz
trp_smith_morannon_pl|smithy
trp_smith_mmorgul|Ogniomistrz Orgurz
trp_smith_mmorgul_pl|smithy
trp_town_24_smith|Boz Żelazołup
trp_town_24_smith_pl|smithy
trp_smith_orc_patrol|Glugz Żelazny Palec
trp_smith_orc_patrol_pl|camp smithy
trp_smith_oscamp|Kugash Żelazomił
trp_smith_oscamp_pl|camp smithy
trp_smith_isengard|Burz Żelazogrzmot
trp_smith_isengard_pl|underground smithy
trp_smith_uoutpost|Gurzuk Żelaznozęby
trp_smith_uoutpost_pl|outpost smithy
trp_smith_uhcamp|Rabzug Rdzawy
trp_smith_uhcamp_pl|camp smithy
trp_smith_urcamp|Glurk
trp_smith_urcamp_pl|camp smithy
trp_smith_cgaladhon|Dirufin Łuczarz
trp_smith_cgaladhon_pl|elven weaponmakers
trp_smith_cdolen|Dimirian Grotnik
trp_smith_cdolen_pl|elven weaponmakers
trp_smith_camroth|Getasistan
trp_smith_camroth_pl|elven weaponmakers
trp_smith_thranduils_halls|Thurinor
trp_smith_thranduils_halls_pl|smithy
trp_smith_woodelf_camp|Calechir
trp_smith_woodelf_camp_pl|smithy
trp_smith_beorn|Beornalaf Topornik
trp_smith_beorn_pl|smithy
trp_smith_moria|Kowal Burgak
trp_smith_moria_pl|smithy
trp_smith_dale|Ardel Ognistoręki
trp_smith_dale_pl|smithy
trp_smith_esgaroth|Kelegarn Łuczarz
trp_smith_esgaroth_pl|smithy
trp_smith_erebor|Thror Młotnik
trp_smith_erebor_pl|praised Dwarven smiths
trp_smith_dunland|Dorrowuld Żelazna Pika
trp_smith_dunland_pl|smithy
trp_smith_harad|Har Stalogniot
trp_smith_harad_pl|smithy
trp_smith_khand|Pushurt Przekupień
trp_smith_khand_pl|smithy
trp_smith_umbar|Kowal Fuinir
trp_smith_umbar_pl|smithy
trp_smith_imladris|Duifirian
trp_smith_imladris_pl|elven weaponmakers
trp_smith_dolguldur|Shtazg Dulbash
trp_smith_dolguldur_pl|smithy
trp_smith_north_rhun|Ognjemir Kladivo
trp_smith_north_rhun_pl|makeshift smithy
trp_smith_gundabad|Blurg Handlarz Śniegiem
trp_smith_gundabad_pl|smithy
trp_smith_ironhill|Kowal Żelaznych Wzgórz
trp_smith_ironhill_pl|Dwarven camp smiths
trp_town_50_weaponsmith|Płatnerz
trp_town_50_weaponsmith_pl|smithy
trp_smith_gondor_ac|Płatnerz Bor
trp_smith_gondor_ac_pl|camp smithy
trp_smith_rohan_ac|Deor Hełmiarz
trp_smith_rohan_ac_pl|camp smithy
trp_smith_mordor_ac|Kowal Hurbag
trp_smith_mordor_ac_pl|smithy
trp_smith_isengard_ac|Burz Żelazorąb
trp_smith_isengard_ac_pl|underground smithy
trp_smith_lorien_ac|Dimirian Grotnik
trp_smith_lorien_ac_pl|elven weaponmakers
trp_smith_woodelf_ac|Calechir
trp_smith_woodelf_ac_pl|smithy
trp_smith_dwarf_ac|Kowal Żelaznych Wzgórz
trp_smith_dwarf_ac_pl|Dwarven camp smiths
trp_smith_gundabad_ac|Blurg Handlarz Śniegiem
trp_smith_gundabad_ac_pl|smithy
trp_smith_rhun_ac|Ognjemir Kladivo
trp_smith_rhun_ac_pl|makeshift smithy
trp_smith_guldur_ac|Shtazg Dulbash
trp_smith_guldur_ac_pl|smithy
trp_smith_imladris_ac|Duifirian
trp_smith_imladris_ac_pl|elven weaponmakers
trp_smith_dunland_ac|Dorrowuld Żelazna Pika
trp_smith_dunland_ac_pl|smithy
trp_smith_harad_ac|Har Tęgogłowy
trp_smith_harad_ac_pl|smithy
trp_smith_khand_ac|Pushurt Straganiarz
trp_smith_khand_ac_pl|smithy
trp_smith_umbar_ac|Kowal Fuinir
trp_smith_umbar_ac_pl|smithy
trp_barman_mtirith|Karczmarz
trp_barman_mtirith_pl|the Citadel
trp_barman_pelargir|Karczmarz
trp_barman_pelargir_pl|the Castle
trp_barman_linhir|Karczmarz
trp_barman_linhir_pl|the Castle
trp_barman_dolamroth|Karczmarz
trp_barman_dolamroth_pl|the Castle
trp_barman_edhellond|Karczmarz
trp_barman_edhellond_pl|the Castle
trp_barman_lossarnach|Karczmarz
trp_barman_lossarnach_pl|the Castle
trp_barman_tarnost|Karczmarz
trp_barman_tarnost_pl|the Castle
trp_barman_erech|Karczmarz
trp_barman_erech_pl|the Castle
trp_barman_pinnath|Karczmarz
trp_barman_pinnath_pl|the Castle
trp_barman_hannun|Karczmarz
trp_barman_hannun_pl|the Secret Cave
trp_barman_calembel|Karczmarz
trp_barman_calembel_pl|the Castle
trp_barman_edoras|Karczmarz
trp_barman_edoras_pl|Meduseld, the Golden Hall
trp_barman_aldburg|Karczmarz
trp_barman_aldburg_pl|the Castle
trp_barman_hornburg|Karczmarz
trp_barman_hornburg_pl|the Lord Halls
trp_barman_eastemnet|Karczmarz
trp_barman_eastemnet_pl|the Castle
trp_barman_westfold|Karczmarz
trp_barman_westfold_pl|the Castle
trp_barman_westemnet|Karczmarz
trp_barman_westemnet_pl|the Castle
trp_barman_eastfold|Karczmarz
trp_barman_eastfold_pl|the Castle
trp_barman_baraddur|Karczmarz
trp_barman_baraddur_pl|the Castle
trp_barman_morannon|Karczmarz
trp_barman_morannon_pl|the Leader's Cave
trp_barman_mmorgul|Karczmarz
trp_barman_mmorgul_pl|the Tower
trp_barman_cungol|Karczmarz
trp_barman_cungol_pl|the Castle
trp_barman_isengard|Karczmarz
trp_barman_isengard_pl|the tower of Orthanc
trp_barman_cgaladhon|Karczmarz
trp_barman_cgaladhon_pl|the Tree castle
trp_barman_cdolen|Karczmarz
trp_barman_cdolen_pl|the Tree castle
trp_barman_camroth|Karczmarz
trp_barman_camroth_pl|the Tree castle
trp_barman_thalls|Karczmarz
trp_barman_thalls_pl|the Throne Room
trp_barman_beorn|Karczmarz
trp_barman_beorn_pl|Beorn House
trp_barman_moria|Karczmarz
trp_barman_moria_pl|the Chief's Chamber
trp_barman_dale|Karczmarz
trp_barman_dale_pl|the Castle
trp_barman_esgaroth|Karczmarz
trp_barman_esgaroth_pl|the Hall
trp_barman_erebor|Karczmarz
trp_barman_erebor_pl|the Lord's Chamber
trp_barman_dolguldur|Karczmarz
trp_barman_dolguldur_pl|the Castle
trp_merchant_mtirith|Kwatermistrz
trp_merchant_mtirith_pl|stable and warehouse
trp_merchant_pelargir|Kwatermistrz
trp_merchant_pelargir_pl|stable and warehouse
trp_merchant_linhir|Kwatermistrz
trp_merchant_linhir_pl|stable and warehouse
trp_merchant_dolamroth|Kwatermistrz
trp_merchant_dolamroth_pl|stable and warehouse
trp_merchant_edhellond|Kwatermistrz
trp_merchant_edhellond_pl|stable and warehouse
trp_merchant_lossarnach|Kwatermistrz
trp_merchant_lossarnach_pl|stable and warehouse
trp_merchant_tarnost|Kwatermistrz
trp_merchant_tarnost_pl|stable and warehouse
trp_merchant_erech|Kwatermistrz
trp_merchant_erech_pl|stable and warehouse
trp_merchant_pinnath|Kwatermistrz
trp_merchant_pinnath_pl|stable and warehouse
trp_merchant_eosgiliath|Zaopatrzeniowiec
trp_merchant_eosgiliath_pl|stable and warehouse
trp_merchant_wosgiliath|Kwatermistrz
trp_merchant_wosgiliath_pl|stable and warehouse
trp_town_12_horse_merchant|Kwatermistrz
trp_town_12_horse_merchant_pl|stable and warehouse
trp_town_13_horse_merchant|Kwatermistrz
trp_town_13_horse_merchant_pl|stable and warehouse
trp_merchant_edoras|Kwatermistrz
trp_merchant_edoras_pl|stable and warehouse
trp_merchant_aldburg|Kwatermistrz
trp_merchant_aldburg_pl|King's stable and warehouse
trp_merchant_hornburg|Kwatermistrz
trp_merchant_hornburg_pl|stable and warehouse
trp_merchant_eastemnet|Kwatermistrz
trp_merchant_eastemnet_pl|stable and warehouse
trp_merchant_westfold|Kwatermistrz
trp_merchant_westfold_pl|stable and warehouse
trp_merchant_westemnet|Kwatermistrz
trp_merchant_westemnet_pl|stable and warehouse
trp_merchant_eastfold|Kwatermistrz
trp_merchant_eastfold_pl|stable and warehouse
trp_town_21_horse_merchant|Kwatermistrz
trp_town_21_horse_merchant_pl|pit and warehouse
trp_merchant_morannon|Zaopatrzeniowiec
trp_merchant_morannon_pl|pit and warehouse
trp_merchant_mmorgul|Zaopatrzeniowiec
trp_merchant_mmorgul_pl|pit and warehouse
trp_town_24_horse_merchant|Zaopatrzeniowiec
trp_town_24_horse_merchant_pl|pit and warehouse
trp_merchant_orc_patrol|Zaopatrzeniowiec
trp_merchant_orc_patrol_pl|camp stash
trp_merchant_isengard|Zaopatrzeniowiec
trp_merchant_isengard_pl|camp stash
trp_town_27_horse_merchant|Zaopatrzeniowiec
trp_town_27_horse_merchant_pl|warg pit and supplies
trp_merchant_uoutpost|Zaopatrzeniowiec
trp_merchant_uoutpost_pl|warg pit and supplies
trp_merchant_uhcamp|Zaopatrzeniowiec
trp_merchant_uhcamp_pl|warg pit and supplies
trp_merchant_urcamp|Zaopatrzeniowiec
trp_merchant_urcamp_pl|warg pit and supplies
trp_merchant_cgaladhon|Zaopatrzeniowiec
trp_merchant_cgaladhon_pl|elven supplies
trp_merchant_cdolen|Zaopatrzeniowiec
trp_merchant_cdolen_pl|elven supplies
trp_merchant_camroth|Zaopatrzeniowiec
trp_merchant_camroth_pl|elven supplies
trp_merchant_thranduils_halls|Zaopatrzeniowiec
trp_merchant_thranduils_halls_pl|elven supplies
trp_merchant_woodelf_camp|Zaopatrzeniowiec
trp_merchant_woodelf_camp_pl|elven supplies
trp_merchant_woodmen|Zaopatrzeniowiec
trp_merchant_woodmen_pl|stable and warehouse
trp_merchant_beorn|Zaopatrzeniowiec
trp_merchant_beorn_pl|stable and warehouse
trp_merchant_moria|Zaopatrzeniowiec
trp_merchant_moria_pl|warg pit and supplies
trp_merchant_dale|Zaopatrzeniowiec
trp_merchant_dale_pl|stable and warehouse
trp_merchant_esgaroth|Zaopatrzeniowiec
trp_merchant_esgaroth_pl|stable and warehouse
trp_merchant_erebor|Kwatermistrz
trp_merchant_erebor_pl|Dwarven supplies
trp_merchant_dunland|Zaopatrzeniowiec
trp_merchant_dunland_pl|camp stash
trp_merchant_harad|Zaopatrzeniowiec
trp_merchant_harad_pl|camp stash
trp_merchant_khand|Zaopatrzeniowiec
trp_merchant_khand_pl|camp stash
trp_merchant_umbar|Zaopatrzeniowiec
trp_merchant_umbar_pl|camp stash
trp_merchant_imladris|Zaopatrzeniowiec
trp_merchant_imladris_pl|camp supplies
trp_merchant_dolguldur|Zaopatrzeniowiec
trp_merchant_dolguldur_pl|stable and warehouse
trp_merchant_north_rhun|Zaopatrzeniowiec
trp_merchant_north_rhun_pl|camp stash
trp_merchant_south_rhun|Zaopatrzeniowiec
trp_merchant_south_rhun_pl|camp stash
trp_merchant_gundabad|Zaopatrzeniowiec
trp_merchant_gundabad_pl|camp stash
trp_merchant_ironhill|Kwatermistrz
trp_merchant_ironhill_pl|Dwarven supplies
trp_town_50_horse_merchant|Zaopatrzeniowiec
trp_town_50_horse_merchant_pl|stable and warehouse
trp_merchant_calembel|Zaopatrzeniowiec
trp_merchant_calembel_pl|stable and warehouse
trp_elder_mtirith|Zarządca Tirith
trp_elder_mtirith_pl|the White City
trp_elder_pelargir|Zarządca Pelargir
trp_elder_pelargir_pl|the city
trp_elder_linhir|Zarządca Linhir
trp_elder_linhir_pl|the city
trp_elder_dolamroth|Zarządca Dol Amroth
trp_elder_dolamroth_pl|the city
trp_elder_edhellond|Zarządca Edhellond
trp_elder_edhellond_pl|the city
trp_elder_lossarnach|Zarządca Lossarnach
trp_elder_lossarnach_pl|the town
trp_elder_tarnost|Zarządca Tarnost
trp_elder_tarnost_pl|the town
trp_elder_erech|Zarządca Erech
trp_elder_erech_pl|the town
trp_elder_pinnath|Zarządca Pinnath
trp_elder_pinnath_pl|the town
trp_elder_ethring|Zarządca Ethring
trp_elder_ethring_pl|the city
trp_elder_henneth|Zarządca
trp_elder_henneth_pl|the hideout
trp_elder_cairandros|Zarządca Cair Andros
trp_elder_cairandros_pl|the island fortress
trp_elder_edoras|Than Edoras
trp_elder_edoras_pl|the city
trp_elder_aldburg|Than Aldburg
trp_elder_aldburg_pl|the town
trp_elder_hornburg|Than Rogatego Grodu
trp_elder_hornburg_pl|the fortress
trp_elder_eastemnet|Than Wschodniego Emnet
trp_elder_eastemnet_pl|the town
trp_elder_westfold|Than Zachdniej Bruzdy
trp_elder_westfold_pl|the town
trp_elder_westemnet|Than Zachodniego Emnet
trp_elder_westemnet_pl|the town
trp_elder_eastfold|Than Wschodniej Bruzdy
trp_elder_eastfold_pl|the town
trp_elder_morannon|Wódz Czarnej Bramy
trp_elder_morannon_pl|the caves overlooking the Great Gate
trp_elder_mmorgul|Wódz Morgulu
trp_elder_mmorgul_pl|the sinister city
trp_elder_cungol|Przywódca Obozu
trp_elder_cungol_pl|the camp
trp_elder_isengard|Grima Gadzi Język
trp_elder_isengard_pl|the city
trp_elder_cgaladhon|Starszy Lorien
trp_elder_cgaladhon_pl|the elven forest fortress
trp_elder_cdolen|Starszy Lorien
trp_elder_cdolen_pl|the encampment
trp_elder_camroth|Starszy Lorien
trp_elder_camroth_pl|the encampment
trp_elder_thalls|Starszy Mrocznej Puszczy
trp_elder_thalls_pl|the elven caves
trp_elder_imladris|Zarządca Rivendell
trp_elder_imladris_pl|the camp
trp_elder_wvillage|Pierre Leśnik
trp_elder_wvillage_pl|the village
trp_elder_beorn|Starszy Beorn
trp_elder_beorn_pl|the hamlet
trp_elder_harad|Przywódca Haradrimskiego Obozu
trp_elder_harad_pl|the camp
trp_elder_rhun|Przywódca Obozu Rhun
trp_elder_rhun_pl|the camp
trp_elder_khand|Przywódca Obozu Khandu 
trp_elder_khand_pl|the camp
trp_elder_dunland|Przywódca Obozu Dunlandu
trp_elder_dunland_pl|the camp
trp_elder_umbar|Umbarski Kwatermistrz
trp_elder_umbar_pl|the fortified camp
trp_elder_moria|Przywódca z Morii
trp_elder_moria_pl|the Mines
trp_elder_gunda|Zarządca Jaskiń
trp_elder_gunda_pl|the caves
trp_elder_dale|Kwatermistrz Dale
trp_elder_dale_pl|the city
trp_elder_esgaroth|Kwatermistrz Esgaroth
trp_elder_esgaroth_pl|the lake town
trp_elder_erebor|Zarządca Ereboru
trp_elder_erebor_pl|the Halls
trp_elder_dolguldur|Zarządca Guldur
trp_elder_dolguldur_pl|the black castle
trp_elder_gondor_ac|Zarządca
trp_elder_gondor_ac_pl|the camp
trp_elder_rohan_ac|Zarządca
trp_elder_rohan_ac_pl|the camp
trp_elder_mordor_ac|Zarządca
trp_elder_mordor_ac_pl|the camp
trp_elder_isengard_ac|Zarządca
trp_elder_isengard_ac_pl|the camp
trp_elder_lorien_ac|Zarządca
trp_elder_lorien_ac_pl|the camp
trp_elder_woodelf_ac|Zarządca
trp_elder_woodelf_ac_pl|the camp
trp_elder_imladris_ac|Zarządca
trp_elder_imladris_ac_pl|the camp
trp_elder_beorn_ac|Zarządca
trp_elder_beorn_ac_pl|the camp
trp_elder_harad_ac|Przywódca Obozu Haradu
trp_elder_harad_ac_pl|the camp
trp_elder_rhun_ac|Przywódca Obozu Rhunu
trp_elder_rhun_ac_pl|the camp
trp_elder_khand_ac|Przywódca Obozu Khandu
trp_elder_khand_ac_pl|the camp
trp_elder_dunland_ac|Przywódca Obozu Dunlandu
trp_elder_dunland_ac_pl|the camp
trp_elder_umbar_ac|Umbarski Kwatermistrz
trp_elder_umbar_ac_pl|the camp
trp_elder_moria_ac|Przywódca Obozu Morii
trp_elder_moria_ac_pl|the camp
trp_elder_gunda_ac|Przywódca Obozu Gundabadu
trp_elder_gunda_ac_pl|the camp
trp_elder_dale_ac|Kwatermistrz Dale
trp_elder_dale_ac_pl|the camp
trp_elder_guldur_ac|Przywódca Obozu Guldur
trp_elder_guldur_ac_pl|the camp
trp_elder_dwarf_ac|Krasnoludzki Zarządca
trp_elder_dwarf_ac_pl|the camp
trp_village_1_elder|Starszy Wioski
trp_tutorial_chest_1|Skrzynia z Bronią Białą
trp_tutorial_chest_2|Skrzynia z Bronią Dystansową
trp_bonus_chest_1|Bonus Chest
trp_bonus_chest_2|Bonus Chest
trp_bonus_chest_3|Bonus Chest
trp_camp_chest_faction|Skrzynia
trp_camp_chest_none|Skrzynia
trp_player_chest|Twoja Skrzynia
trp_local_merchant|Lokalny Kupiec
trp_local_merchant_pl|Lokalnych Kupców
trp_tax_rebel|Zbuntowany Chłop
trp_tax_rebel_pl|Zbuntowanych Chłopów
trp_trainee_peasant|Chłop
trp_trainee_peasant_pl|Chłopów
trp_fugitive_man|Nerwowy Meżczyzna
trp_fugitive_man_pl|Nerwowych Meżczyz
trp_fugitive_elf|Nerwowy Elf
trp_fugitive_elf_pl|Nerwowych Elfów
trp_fugitive_dwarf|Nerwowy Krasnolud
trp_fugitive_dwarf_pl|Nerwowych Krasnoludów
trp_fugitive_orc|Nerwowy Ork
trp_fugitive_orc_pl|Nerwowych Orków
trp_spy|Zwyczajny Korsarz
trp_spy_pl|Zwyczajnych Korsarzy
trp_spy_evil|Zwyczajny Południowiec
trp_spy_evil_pl|Zwyczajnych Południowców
trp_spy_partner|Zwyczajny Mieszczanin
trp_spy_partner_pl|Zwyczajnych Mieszczan
trp_spy_partner_evil|Zwyczajny Mieszczanin
trp_spy_partner_evil_pl|Zwyczajnych Mieszczan
trp_easter_egg_troll|Trol
trp_treebeard|Drzewiec
trp_ent_1|Bregalad
trp_ent_2|Finglas
trp_ent_3|Fladrif
trp_gandalf|Gandalf
trp_gandalf_pl|Home-grown Gandalves
trp_nazgul|Nazgul
trp_nazgul_pl|Domesticated Nazgul
trp_barman|Karczmarz
trp_elder|Starszy
trp_gear_merchant|Kupiec
trp_goods_merchant|Kupiec
trp_start_quest_caravaneer|Torbal Karawaniarz
trp_dorwinion_bandit|Dorwinionski Bandyta
trp_dorwinion_bandit_pl|Dorwinionskich Bandytów
trp_dorwinion_raider|Dorwinionski Łupieżca
trp_dorwinion_raider_pl|Dorwinionskich Łupieżców
trp_city_guard|Strażnik Miejski
trp_city_guard_pl|city guard
trp_orc_sentry|Orkowy Strażnik
trp_orc_sentry_pl|orc sentry
trp_uruk_hai_sentry|Strażnik Uruk-hai
trp_uruk_hai_sentry_pl|uruk hai sentry
trp_black_numenorean_sorcerer|Czarownik Czarnych Numenorejczyków
trp_black_numenorean_sorcerer_pl|Czarowników Czarnych Numenorejczyków
trp_black_numenorean_acolyte|Akolita Czarnych Numenorejczyków
trp_black_numenorean_acolyte_pl|Akolitów Czarnych Numenorejczyków
trp_wolf_rider_of_mirkwood|Wilczy Jeździec z Mrocznej Puszczy
trp_wolf_rider_of_mirkwood_pl|Wilczych Jeźdźców z Mrocznej Puszczy
trp_warg_rider_of_mirkwood|Jeździec Wargów z Mrocznej Puszczy
trp_warg_rider_of_mirkwood_pl|Jeźdźców Wargów z Mrocznej Puszczy
trp_gate_aggravator|Gate is holding
trp_orc_pretender|Ork Pretendent
trp_human_prisoner|Więzień
trp_spider|Pająk z Mrocznej Puszczy
trp_spider_pl|Pająków z Mrocznej Puszczy
trp_bear|Niedźwiedź
trp_bear_pl|Niedźwiedzi
trp_wolf|Wilk
trp_wolf_pl|Wilków
; trp_dorwinion_sack|Dorwinion Sack
trp_ring_hunter_captain|Kapitan łowców pierścienia
trp_ring_hunter_lt|Kapitan łowców pierścienia
trp_ring_hunter_one|Łowca pierścienia
trp_ring_hunter_one_pl|Łowcy pierścienia
trp_ring_hunter_two|Łowca pierścienia
trp_ring_hunter_two_pl|Łowcy pierścienia
trp_ring_hunter_three|Łowca pierścienia
trp_ring_hunter_three_pl|Łowcy pierścienia
trp_ring_hunter_four|Łowca pierścienia
trp_ring_hunter_four_pl|Łowcy pierścienia
; trp_start_quest_uruk|Mordor Uruk Captain
; trp_start_quest_orc|Mordor Orc Lieutenant
trp_start_quest_orc_pl|Mordorskich Wielkich Orków
trp_start_quest_woodelf|Galadhrimski Królewski Mistrz Łuku
trp_start_quest_woodelf_pl|Galadhrimskich Królewskich Mistrzów Łuku
; trp_start_quest_mordor_scout|Mordor Guide
; trp_start_quest_mordor_scout_pl|Mordor Guides
trp_start_quest_beorning|Beorninski Berserker Carrock
trp_start_quest_beorning_pl|Beorninskich Berserkerów Carrock
